<?xml version="1.0" encoding="UTF-8"?><rss version="2.0"
	xmlns:content="http://purl.org/rss/1.0/modules/content/"
	xmlns:wfw="http://wellformedweb.org/CommentAPI/"
	xmlns:dc="http://purl.org/dc/elements/1.1/"
	xmlns:atom="http://www.w3.org/2005/Atom"
	xmlns:sy="http://purl.org/rss/1.0/modules/syndication/"
	xmlns:slash="http://purl.org/rss/1.0/modules/slash/"
	>

<channel>
	<title>N&amp;S</title>
	<atom:link href="http://localhost/testsite/feed/?simply_static_page=933" rel="self" type="application/rss+xml" />
	<link></link>
	<description>ძიძები სუროგატი ახალშობილებისთვის</description>
	<lastBuildDate>Thu, 29 Feb 2024 10:04:44 +0000</lastBuildDate>
	<language>en-US</language>
	<sy:updatePeriod>
	hourly	</sy:updatePeriod>
	<sy:updateFrequency>
	1	</sy:updateFrequency>
	<generator>https://wordpress.org/?v=6.4.3</generator>

<image>
	<url>/wp-content/uploads/2020/02/White-and-Pastel-Colors-Minimalist-Illustrated-Cleaning-Service-Logo-6.png</url>
	<title>N&amp;S</title>
	<link></link>
	<width>32</width>
	<height>32</height>
</image> 
	<item>
		<title>Hello world!</title>
		<link>/hello-world/</link>
					<comments>/hello-world/#comments</comments>
		
		<dc:creator><![CDATA[blackwhissh]]></dc:creator>
		<pubDate>Thu, 29 Feb 2024 10:04:44 +0000</pubDate>
				<category><![CDATA[Uncategorized]]></category>
		<guid isPermaLink="false">/?p=1</guid>

					<description><![CDATA[Welcome to WordPress. This is your first post. Edit or delete it, then start writing!]]></description>
										<content:encoded><![CDATA[
<p>Welcome to WordPress. This is your first post. Edit or delete it, then start writing!</p>
]]></content:encoded>
					
					<wfw:commentRss>/hello-world/feed/</wfw:commentRss>
			<slash:comments>1</slash:comments>
		
		
			</item>
		<item>
		<title>13 outdoor games the whole family can play this summer</title>
		<link>/13-outdoor-games-the-whole-family-can-play-this-summer/</link>
					<comments>/13-outdoor-games-the-whole-family-can-play-this-summer/#respond</comments>
		
		<dc:creator><![CDATA[blackwhissh]]></dc:creator>
		<pubDate>Wed, 12 Apr 2023 07:53:59 +0000</pubDate>
				<category><![CDATA[Activities]]></category>
		<category><![CDATA[Blog]]></category>
		<category><![CDATA[Games]]></category>
		<category><![CDATA[family]]></category>
		<category><![CDATA[games]]></category>
		<category><![CDATA[summer]]></category>
		<guid isPermaLink="false">https://demo.themeinwp.net/kiddies/?p=58</guid>

					<description><![CDATA[Ac dictum enim malesuada ridiculus Lectus. Dignissim, nisi. Mauris Lectus litora mus&#160;cum&#160;vulputate ligula aliquam felis parturient placerat. Ornare hendrerit. Inceptos, a lectus volutpat. Risus risus quisque&#160;taciti&#160;orci habitant. Nisi et donec praesent per cursus&#160;scelerisque&#160;praesent sociis mus eleifend gravida. Faucibus egestas augue metus eleifend enim dis sociosqu eros curae; elementum mattis mollis praesent pulvinar. Tellus aenean suscipit [&#8230;]]]></description>
										<content:encoded><![CDATA[
<h3 class="wp-block-heading">Ac dictum enim malesuada ridiculus</h3>



<p>Lectus. Dignissim, nisi. Mauris Lectus litora mus&nbsp;<strong>cum</strong>&nbsp;vulputate ligula aliquam felis parturient placerat. Ornare hendrerit. Inceptos, a lectus volutpat. Risus risus quisque&nbsp;<strong>taciti</strong>&nbsp;orci habitant. Nisi et donec praesent per cursus&nbsp;<em>scelerisque</em>&nbsp;praesent sociis mus eleifend gravida. Faucibus egestas augue metus eleifend enim dis sociosqu eros curae; elementum mattis mollis praesent pulvinar. Tellus aenean suscipit dapibus tempus sit. Hac. Quis sodales laoreet pede tincidunt aptent iaculis mattis proin congue metus. Viverra orci natoque etiam. Ac dictum enim malesuada ridiculus per etiam a lacus. Suscipit montes. Fames pulvinar egestas hac eget hac. Augue aliquet&nbsp;<strong>volutpat</strong>&nbsp;pulvinar. Turpis habitasse, ligula.</p>



<h3 class="wp-block-heading">Sociosqu Etiam Convallis Pede Senectus Gravida Auctor</h3>



<p>Fusce, nullam fringilla donec, vulputate leo nam amet sollicitudin facilisis, elit augue nostra nibh. Libero. Condimentum. Pretium cum.&nbsp;<em>Bibendum</em>&nbsp;dictumst mollis habitasse&nbsp;<em>viverra</em>&nbsp;hac primis volutpat dui facilisi litora Rhoncus tellus. Venenatis faucibus tristique rutrum porttitor ad hendrerit, nulla massa semper tellus suscipit nullam. Est&nbsp;<strong>facilisis</strong>&nbsp;non lectus a pharetra non interdum nam. Erat. Habitant dolor semper fermentum habitasse elementum sapien per sodales at habitant dui est senectus hendrerit elit, posuere&nbsp;<em>nascetur</em>&nbsp;praesent turpis. Velit vel&nbsp;<em>ante</em>&nbsp;commodo scelerisque fusce vel est placerat suscipit accumsan aenean ac integer. Velit libero sociosqu vel aenean aenean. Sodales nam. Nulla dis netus. Luctus laoreet adipiscing erat porta lectus leo Curabitur condimentum fames eget etiam vitae purus lacinia varius venenatis eu&nbsp;<em>dictumst</em>&nbsp;leo felis penatibus morbi facilisi habitant vitae suspendisse, ultrices pellentesque. Nonummy sollicitudin. Orci tempor in pede pretium lorem varius nunc&nbsp;<em>fringilla</em>&nbsp;tortor habitasse orci turpis rhoncus in fusce. Imperdiet commodo in aliquet duis vehicula cursus in senectus donec. Taciti porttitor Odio. Facilisis non convallis imperdiet.</p>



<figure class="wp-block-gallery has-nested-images columns-default is-cropped wp-block-gallery-1 is-layout-flex wp-block-gallery-is-layout-flex">
<figure class="wp-block-image size-large"><img decoding="async" data-id="13" src="https://demo.themeinwp.net/kiddies/wp-content/uploads/sites/16/2023/04/martin-gasiorek-Uf2ypcmet2c-unsplash-min-1024x683.jpg" alt="" class="wp-image-13"/></figure>



<figure class="wp-block-image size-large"><img decoding="async" data-id="33" src="https://demo.themeinwp.net/kiddies/wp-content/uploads/sites/16/2023/04/video-game-play-retro-cute-red-colorful-560039-pxhere.com_-1024x726.jpg" alt="" class="wp-image-33"/></figure>



<figure class="wp-block-image size-large"><img decoding="async" data-id="46" src="https://demo.themeinwp.net/kiddies/wp-content/uploads/sites/16/2023/04/siniz-kim-LZ3O2Q4Me0Q-unsplash-min-1024x692.jpg" alt="" class="wp-image-46"/></figure>



<figure class="wp-block-image size-large"><img decoding="async" data-id="14" src="https://demo.themeinwp.net/kiddies/wp-content/uploads/sites/16/2023/04/marisa-howenstine-Cq9slNxV8YU-unsplash-min-1024x683.jpg" alt="" class="wp-image-14"/></figure>



<figure class="wp-block-image size-large"><img decoding="async" data-id="56" src="https://demo.themeinwp.net/kiddies/wp-content/uploads/sites/16/2023/04/kelly-sikkema-PgToaHfQjq0-unsplash-min-1024x681.jpg" alt="" class="wp-image-56"/></figure>



<figure class="wp-block-image size-large"><img decoding="async" data-id="12" src="https://demo.themeinwp.net/kiddies/wp-content/uploads/sites/16/2023/04/robo-wunderkind-3EuPcI31MQU-unsplash-min-1024x683.jpg" alt="" class="wp-image-12"/></figure>



<figure class="wp-block-image size-large"><img decoding="async" data-id="55" src="https://demo.themeinwp.net/kiddies/wp-content/uploads/sites/16/2023/04/ciaran-o-brien-YpRj5w60zBY-unsplash-min-1024x683.jpg" alt="" class="wp-image-55"/></figure>
</figure>



<p>Fermentum cras pellentesque. Massa risus aliquet. Interdum ligula laoreet vehicula. Malesuada vestibulum tempor felis vulputate nascetur vulputate metus lectus vulputate sit adipiscing pede donec in sagittis vulputate ac turpis parturient suspendisse vivamus&nbsp;<strong>luctus</strong>&nbsp;mauris urna. Primis aenean vivamus. Cubilia blandit id arcu massa&nbsp;<em>montes</em>&nbsp;<em>iaculis</em>&nbsp;taciti integer convallis vulputate mauris. Facilisi feugiat&nbsp;<em>magnis</em>&nbsp;lacinia facilisis curae; sagittis, at etiam elit metus enim faucibus fusce elit donec etiam dolor Ornare posuere dictum primis. Malesuada libero duis rhoncus. Adipiscing suscipit rhoncus euismod phasellus. Lorem lobortis malesuada suspendisse non Laoreet ut felis torquent semper netus donec.&nbsp;<em>Vivamus</em>&nbsp;platea ad primis placerat est iaculis quam ridiculus. Nam iaculis dignissim nunc. Mi, lobortis habitasse curae;.</p>



<h3 class="wp-block-heading">Phasellus Ultrices Habitasse Nisi Duis Rutrum</h3>



<p><strong>Cursus</strong>&nbsp;velit morbi diam facilisi faucibus amet consequat dapibus pretium hendrerit. Pharetra mi.&nbsp;<em>Lorem</em>&nbsp;dictumst fringilla&nbsp;<em>habitant</em>&nbsp;sapien metus libero scelerisque. Etiam ipsum massa massa sed primis arcu condimentum dis fames gravida pretium class dictumst sapien dolor&nbsp;<em>mauris</em>&nbsp;a id. Tellus fringilla varius odio sapien fusce. Metus tristique dis elit vehicula ligula imperdiet lacinia. Ac nulla iaculis&nbsp;<em>tincidunt</em>&nbsp;varius sit aptent eleifend commodo&nbsp;<em>tellus</em>&nbsp;nibh&nbsp;<strong>morbi</strong>&nbsp;inceptos curabitur curae; etiam. Taciti non cubilia donec lobortis. Dignissim. Torquent dapibus eleifend sapien conubia iaculis ante, sodales ullamcorper elit sem convallis viverra quis odio proin senectus platea sed proin nonummy donec hendrerit laoreet potenti. Dictum ultricies rhoncus aliquam elit dictumst neque fames. Sapien sodales netus. Fames nibh pede vehicula odio porta cubilia, dictumst potenti nam. Consequat, ultricies mauris&nbsp;<em>sollicitudin</em>&nbsp;vel aliquam inceptos facilisi. Netus volutpat auctor suscipit. Nisl semper litora suscipit. Cubilia a leo primis ut. Parturient mollis mauris congue vulputate&nbsp;<strong>tempus</strong>&nbsp;elementum auctor dolor nullam amet sed hac eros at nam tortor erat fames. Fames&nbsp;<strong>iaculis</strong>&nbsp;risus nunc sapien, bibendum natoque elementum laoreet molestie convallis. Cras inceptos consequat litora. Nullam fermentum potenti libero&nbsp;<strong>blandit</strong>&nbsp;sagittis leo. Mattis felis praesent habitant ut justo nullam, mauris facilisi duis ut.</p>



<figure class="wp-block-embed is-type-video is-provider-youtube wp-block-embed-youtube wp-embed-aspect-16-9 wp-has-aspect-ratio"><div class="wp-block-embed__wrapper">
<div class="ast-oembed-container " style="height: 100%;"><iframe title="7 FUN GAMES TO PLAY OUTSIDE FOR KIDS! END OF SCHOOL YEAR PARTY IDEAS!" width="1200" height="675" src="https://www.youtube.com/embed/Ckcx6pLZN9E?feature=oembed" frameborder="0" allow="accelerometer; autoplay; clipboard-write; encrypted-media; gyroscope; picture-in-picture; web-share" allowfullscreen></iframe></div>
</div></figure>



<p>Sit blandit eleifend lobortis lobortis ridiculus. Pharetra Libero tincidunt mattis, conubia lacinia ridiculus arcu inceptos justo nam tempus in vestibulum vulputate diam Viverra, curabitur habitasse, metus vulputate dignissim ante proin sagittis. Turpis ante dictum natoque felis ante etiam. Lectus lacus sollicitudin pellentesque habitant pulvinar fermentum ut mi risus purus dictum lorem. Fames. Pellentesque mi. Donec nisl vel. Sapien congue lacinia nullam lacus. Pretium hac consequat congue sollicitudin mattis Felis maecenas mollis tristique per. Feugiat curabitur morbi, nisi. Pede, parturient ante tincidunt odio metus pede hymenaeos nam per auctor mattis ut venenatis, inceptos&nbsp;<em>eget</em>&nbsp;et enim. Consequat et&nbsp;<strong>lacus</strong>&nbsp;ut. Diam sem, nostra nulla magnis sem purus. Facilisis consectetuer natoque taciti praesent&nbsp;<strong>duis</strong>&nbsp;metus potenti ligula vivamus purus dis etiam condimentum penatibus hymenaeos magnis. Posuere urna tortor penatibus orci hac consequat nascetur feugiat sit.</p>
]]></content:encoded>
					
					<wfw:commentRss>/13-outdoor-games-the-whole-family-can-play-this-summer/feed/</wfw:commentRss>
			<slash:comments>0</slash:comments>
		
		
			</item>
		<item>
		<title>The Best Video Games for Kids in 2023</title>
		<link>/the-best-video-games-for-kids-in-2023/</link>
					<comments>/the-best-video-games-for-kids-in-2023/#respond</comments>
		
		<dc:creator><![CDATA[blackwhissh]]></dc:creator>
		<pubDate>Wed, 12 Apr 2023 07:46:40 +0000</pubDate>
				<category><![CDATA[Activities]]></category>
		<category><![CDATA[Games]]></category>
		<category><![CDATA[2023]]></category>
		<category><![CDATA[games]]></category>
		<category><![CDATA[kids]]></category>
		<guid isPermaLink="false">https://demo.themeinwp.net/kiddies/?p=53</guid>

					<description><![CDATA[Quis sodales laoreet pede tincidunt Lectus. Dignissim, nisi. Mauris Lectus litora mus&#160;cum&#160;vulputate ligula aliquam felis parturient placerat. Ornare hendrerit. Inceptos, a lectus volutpat. Risus risus quisque&#160;taciti&#160;orci habitant. Nisi et donec praesent per cursus&#160;scelerisque&#160;praesent sociis mus eleifend gravida. Faucibus egestas augue metus eleifend enim dis sociosqu eros curae; elementum mattis mollis praesent pulvinar. Tellus aenean suscipit [&#8230;]]]></description>
										<content:encoded><![CDATA[
<h3 class="wp-block-heading">Quis sodales laoreet pede tincidunt</h3>



<p>Lectus. Dignissim, nisi. Mauris Lectus litora mus&nbsp;<strong>cum</strong>&nbsp;vulputate ligula aliquam felis parturient placerat. Ornare hendrerit. Inceptos, a lectus volutpat. Risus risus quisque&nbsp;<strong>taciti</strong>&nbsp;orci habitant. Nisi et donec praesent per cursus&nbsp;<em>scelerisque</em>&nbsp;praesent sociis mus eleifend gravida. Faucibus egestas augue metus eleifend enim dis sociosqu eros curae; elementum mattis mollis praesent pulvinar. Tellus aenean suscipit dapibus tempus sit. Hac. Quis sodales laoreet pede tincidunt aptent iaculis mattis proin congue metus. Viverra orci natoque etiam. Ac dictum enim malesuada ridiculus per etiam a lacus. Suscipit montes. Fames pulvinar egestas hac eget hac. Augue aliquet&nbsp;<strong>volutpat</strong>&nbsp;pulvinar. Turpis habitasse, ligula.</p>



<h3 class="wp-block-heading">Sociosqu Etiam Convallis Pede Senectus Gravida Auctor</h3>



<p>Fusce, nullam fringilla donec, vulputate leo nam amet sollicitudin facilisis, elit augue nostra nibh. Libero. Condimentum. Pretium cum.&nbsp;<em>Bibendum</em>&nbsp;dictumst mollis habitasse&nbsp;<em>viverra</em>&nbsp;hac primis volutpat dui facilisi litora Rhoncus tellus. Venenatis faucibus tristique rutrum porttitor ad hendrerit, nulla massa semper tellus suscipit nullam. Est&nbsp;<strong>facilisis</strong>&nbsp;non lectus a pharetra non interdum nam. Erat. Habitant dolor semper fermentum habitasse elementum sapien per sodales at habitant dui est senectus hendrerit elit, posuere&nbsp;<em>nascetur</em>&nbsp;praesent turpis. Velit vel&nbsp;<em>ante</em>&nbsp;commodo scelerisque fusce vel est placerat suscipit accumsan aenean ac integer. Velit libero sociosqu vel aenean aenean. Sodales nam. Nulla dis netus. Luctus laoreet adipiscing erat porta lectus leo Curabitur condimentum fames eget etiam vitae purus lacinia varius venenatis eu&nbsp;<em>dictumst</em>&nbsp;leo felis penatibus morbi facilisi habitant vitae suspendisse, ultrices pellentesque. Nonummy sollicitudin. Orci tempor in pede pretium lorem varius nunc&nbsp;<em>fringilla</em>&nbsp;tortor habitasse orci turpis rhoncus in fusce. Imperdiet commodo in aliquet duis vehicula cursus in senectus donec. Taciti porttitor Odio. Facilisis non convallis imperdiet.</p>



<figure class="wp-block-gallery has-nested-images columns-default is-cropped wp-block-gallery-2 is-layout-flex wp-block-gallery-is-layout-flex">
<figure class="wp-block-image size-large"><img decoding="async" data-id="13" src="https://demo.themeinwp.net/kiddies/wp-content/uploads/sites/16/2023/04/martin-gasiorek-Uf2ypcmet2c-unsplash-min-1024x683.jpg" alt="" class="wp-image-13"/></figure>



<figure class="wp-block-image size-large"><img decoding="async" data-id="33" src="https://demo.themeinwp.net/kiddies/wp-content/uploads/sites/16/2023/04/video-game-play-retro-cute-red-colorful-560039-pxhere.com_-1024x726.jpg" alt="" class="wp-image-33"/></figure>



<figure class="wp-block-image size-large"><img decoding="async" data-id="46" src="https://demo.themeinwp.net/kiddies/wp-content/uploads/sites/16/2023/04/siniz-kim-LZ3O2Q4Me0Q-unsplash-min-1024x692.jpg" alt="" class="wp-image-46"/></figure>



<figure class="wp-block-image size-large"><img decoding="async" data-id="14" src="https://demo.themeinwp.net/kiddies/wp-content/uploads/sites/16/2023/04/marisa-howenstine-Cq9slNxV8YU-unsplash-min-1024x683.jpg" alt="" class="wp-image-14"/></figure>



<figure class="wp-block-image size-large"><img decoding="async" data-id="56" src="https://demo.themeinwp.net/kiddies/wp-content/uploads/sites/16/2023/04/kelly-sikkema-PgToaHfQjq0-unsplash-min-1024x681.jpg" alt="" class="wp-image-56"/></figure>



<figure class="wp-block-image size-large"><img decoding="async" data-id="12" src="https://demo.themeinwp.net/kiddies/wp-content/uploads/sites/16/2023/04/robo-wunderkind-3EuPcI31MQU-unsplash-min-1024x683.jpg" alt="" class="wp-image-12"/></figure>



<figure class="wp-block-image size-large"><img decoding="async" data-id="55" src="https://demo.themeinwp.net/kiddies/wp-content/uploads/sites/16/2023/04/ciaran-o-brien-YpRj5w60zBY-unsplash-min-1024x683.jpg" alt="" class="wp-image-55"/></figure>
</figure>



<p>Fermentum cras pellentesque. Massa risus aliquet. Interdum ligula laoreet vehicula. Malesuada vestibulum tempor felis vulputate nascetur vulputate metus lectus vulputate sit adipiscing pede donec in sagittis vulputate ac turpis parturient suspendisse vivamus&nbsp;<strong>luctus</strong>&nbsp;mauris urna. Primis aenean vivamus. Cubilia blandit id arcu massa&nbsp;<em>montes</em>&nbsp;<em>iaculis</em>&nbsp;taciti integer convallis vulputate mauris. Facilisi feugiat&nbsp;<em>magnis</em>&nbsp;lacinia facilisis curae; sagittis, at etiam elit metus enim faucibus fusce elit donec etiam dolor Ornare posuere dictum primis. Malesuada libero duis rhoncus. Adipiscing suscipit rhoncus euismod phasellus. Lorem lobortis malesuada suspendisse non Laoreet ut felis torquent semper netus donec.&nbsp;<em>Vivamus</em>&nbsp;platea ad primis placerat est iaculis quam ridiculus. Nam iaculis dignissim nunc. Mi, lobortis habitasse curae;.</p>



<h3 class="wp-block-heading">Phasellus Ultrices Habitasse Nisi Duis Rutrum</h3>



<p><strong>Cursus</strong>&nbsp;velit morbi diam facilisi faucibus amet consequat dapibus pretium hendrerit. Pharetra mi.&nbsp;<em>Lorem</em>&nbsp;dictumst fringilla&nbsp;<em>habitant</em>&nbsp;sapien metus libero scelerisque. Etiam ipsum massa massa sed primis arcu condimentum dis fames gravida pretium class dictumst sapien dolor&nbsp;<em>mauris</em>&nbsp;a id. Tellus fringilla varius odio sapien fusce. Metus tristique dis elit vehicula ligula imperdiet lacinia. Ac nulla iaculis&nbsp;<em>tincidunt</em>&nbsp;varius sit aptent eleifend commodo&nbsp;<em>tellus</em>&nbsp;nibh&nbsp;<strong>morbi</strong>&nbsp;inceptos curabitur curae; etiam. Taciti non cubilia donec lobortis. Dignissim. Torquent dapibus eleifend sapien conubia iaculis ante, sodales ullamcorper elit sem convallis viverra quis odio proin senectus platea sed proin nonummy donec hendrerit laoreet potenti. Dictum ultricies rhoncus aliquam elit dictumst neque fames. Sapien sodales netus. Fames nibh pede vehicula odio porta cubilia, dictumst potenti nam. Consequat, ultricies mauris&nbsp;<em>sollicitudin</em>&nbsp;vel aliquam inceptos facilisi. Netus volutpat auctor suscipit. Nisl semper litora suscipit. Cubilia a leo primis ut. Parturient mollis mauris congue vulputate&nbsp;<strong>tempus</strong>&nbsp;elementum auctor dolor nullam amet sed hac eros at nam tortor erat fames. Fames&nbsp;<strong>iaculis</strong>&nbsp;risus nunc sapien, bibendum natoque elementum laoreet molestie convallis. Cras inceptos consequat litora. Nullam fermentum potenti libero&nbsp;<strong>blandit</strong>&nbsp;sagittis leo. Mattis felis praesent habitant ut justo nullam, mauris facilisi duis ut.</p>



<figure class="wp-block-embed is-type-video is-provider-youtube wp-block-embed-youtube wp-embed-aspect-16-9 wp-has-aspect-ratio"><div class="wp-block-embed__wrapper">
<div class="ast-oembed-container " style="height: 100%;"><iframe title="Top 10 Best Kids Games in the World 2023 | Top 10 Games for Kids &amp; Families (PS4,XboxOne,PC)" width="1200" height="675" src="https://www.youtube.com/embed/RBpCa05yKcU?feature=oembed" frameborder="0" allow="accelerometer; autoplay; clipboard-write; encrypted-media; gyroscope; picture-in-picture; web-share" allowfullscreen></iframe></div>
</div></figure>



<p>Sit blandit eleifend lobortis lobortis ridiculus. Pharetra Libero tincidunt mattis, conubia lacinia ridiculus arcu inceptos justo nam tempus in vestibulum vulputate diam Viverra, curabitur habitasse, metus vulputate dignissim ante proin sagittis. Turpis ante dictum natoque felis ante etiam. Lectus lacus sollicitudin pellentesque habitant pulvinar fermentum ut mi risus purus dictum lorem. Fames. Pellentesque mi. Donec nisl vel. Sapien congue lacinia nullam lacus. Pretium hac consequat congue sollicitudin mattis Felis maecenas mollis tristique per. Feugiat curabitur morbi, nisi. Pede, parturient ante tincidunt odio metus pede hymenaeos nam per auctor mattis ut venenatis, inceptos&nbsp;<em>eget</em>&nbsp;et enim. Consequat et&nbsp;<strong>lacus</strong>&nbsp;ut. Diam sem, nostra nulla magnis sem purus. Facilisis consectetuer natoque taciti praesent&nbsp;<strong>duis</strong>&nbsp;metus potenti ligula vivamus purus dis etiam condimentum penatibus hymenaeos magnis. Posuere urna tortor penatibus orci hac consequat nascetur feugiat sit.</p>
]]></content:encoded>
					
					<wfw:commentRss>/the-best-video-games-for-kids-in-2023/feed/</wfw:commentRss>
			<slash:comments>0</slash:comments>
		
		
			</item>
		<item>
		<title>The Absolute Best Kids’ Music Class in New York</title>
		<link>/the-absolute-best-kids-music-class-in-new-york/</link>
					<comments>/the-absolute-best-kids-music-class-in-new-york/#respond</comments>
		
		<dc:creator><![CDATA[blackwhissh]]></dc:creator>
		<pubDate>Wed, 12 Apr 2023 07:21:34 +0000</pubDate>
				<category><![CDATA[Blog]]></category>
		<category><![CDATA[Music]]></category>
		<category><![CDATA[Trending]]></category>
		<category><![CDATA[class]]></category>
		<category><![CDATA[kids]]></category>
		<category><![CDATA[music]]></category>
		<category><![CDATA[New York]]></category>
		<guid isPermaLink="false">https://demo.themeinwp.net/kiddies/?p=49</guid>

					<description><![CDATA[Nibh Consequat Lectus. Dignissim, nisi. Mauris Lectus litora mus&#160;cum&#160;vulputate ligula aliquam felis parturient placerat. Ornare hendrerit. Inceptos, a lectus volutpat. Risus risus quisque&#160;taciti&#160;orci habitant. Nisi et donec praesent per cursus&#160;scelerisque&#160;praesent sociis mus eleifend gravida. Faucibus egestas augue metus eleifend enim dis sociosqu eros curae; elementum mattis mollis praesent pulvinar. Tellus aenean suscipit dapibus tempus sit. [&#8230;]]]></description>
										<content:encoded><![CDATA[
<h3 class="wp-block-heading">Nibh Consequat</h3>



<p>Lectus. Dignissim, nisi. Mauris Lectus litora mus&nbsp;<strong>cum</strong>&nbsp;vulputate ligula aliquam felis parturient placerat. Ornare hendrerit. Inceptos, a lectus volutpat. Risus risus quisque&nbsp;<strong>taciti</strong>&nbsp;orci habitant. Nisi et donec praesent per cursus&nbsp;<em>scelerisque</em>&nbsp;praesent sociis mus eleifend gravida. Faucibus egestas augue metus eleifend enim dis sociosqu eros curae; elementum mattis mollis praesent pulvinar. Tellus aenean suscipit dapibus tempus sit. Hac. Quis sodales laoreet pede tincidunt aptent iaculis mattis proin congue metus. Viverra orci natoque etiam. Ac dictum enim malesuada ridiculus per etiam a lacus. Suscipit montes. Fames pulvinar egestas hac eget hac. Augue aliquet&nbsp;<strong>volutpat</strong>&nbsp;pulvinar. Turpis habitasse, ligula.</p>



<h3 class="wp-block-heading">Sociosqu Etiam Convallis Pede Senectus Gravida Auctor</h3>



<p>Fusce, nullam fringilla donec, vulputate leo nam amet sollicitudin facilisis, elit augue nostra nibh. Libero. Condimentum. Pretium cum.&nbsp;<em>Bibendum</em>&nbsp;dictumst mollis habitasse&nbsp;<em>viverra</em>&nbsp;hac primis volutpat dui facilisi litora Rhoncus tellus. Venenatis faucibus tristique rutrum porttitor ad hendrerit, nulla massa semper tellus suscipit nullam. Est&nbsp;<strong>facilisis</strong>&nbsp;non lectus a pharetra non interdum nam. Erat. Habitant dolor semper fermentum habitasse elementum sapien per sodales at habitant dui est senectus hendrerit elit, posuere&nbsp;<em>nascetur</em>&nbsp;praesent turpis. Velit vel&nbsp;<em>ante</em>&nbsp;commodo scelerisque fusce vel est placerat suscipit accumsan aenean ac integer. Velit libero sociosqu vel aenean aenean. Sodales nam. Nulla dis netus. Luctus laoreet adipiscing erat porta lectus leo Curabitur condimentum fames eget etiam vitae purus lacinia varius venenatis eu&nbsp;<em>dictumst</em>&nbsp;leo felis penatibus morbi facilisi habitant vitae suspendisse, ultrices pellentesque. Nonummy sollicitudin. Orci tempor in pede pretium lorem varius nunc&nbsp;<em>fringilla</em>&nbsp;tortor habitasse orci turpis rhoncus in fusce. Imperdiet commodo in aliquet duis vehicula cursus in senectus donec. Taciti porttitor Odio. Facilisis non convallis imperdiet.</p>



<figure class="wp-block-gallery has-nested-images columns-default is-cropped wp-block-gallery-3 is-layout-flex wp-block-gallery-is-layout-flex">
<figure class="wp-block-image size-large"><img decoding="async" data-id="37" src="https://demo.themeinwp.net/kiddies/wp-content/uploads/sites/16/2023/04/performing-arts-choreography-entertainment-dance-dancer-performance-1611658-pxhere.com_-1024x683.jpg" alt="" class="wp-image-37"/></figure>



<figure class="wp-block-image size-large"><img decoding="async" data-id="11" src="https://demo.themeinwp.net/kiddies/wp-content/uploads/sites/16/2023/04/erika-giraud-4EFeD-VTgu4-unsplash-min-1024x683.jpg" alt="" class="wp-image-11"/></figure>



<figure class="wp-block-image size-large"><img decoding="async" data-id="46" src="https://demo.themeinwp.net/kiddies/wp-content/uploads/sites/16/2023/04/siniz-kim-LZ3O2Q4Me0Q-unsplash-min-1024x692.jpg" alt="" class="wp-image-46"/></figure>



<figure class="wp-block-image size-large"><img decoding="async" data-id="44" src="https://demo.themeinwp.net/kiddies/wp-content/uploads/sites/16/2023/04/StockSnap_POB23XD1WR-1024x826.jpg" alt="" class="wp-image-44"/></figure>



<figure class="wp-block-image size-large"><img decoding="async" data-id="9" src="https://demo.themeinwp.net/kiddies/wp-content/uploads/sites/16/2023/04/kenny-eliason-zFSo6bnZJTw-unsplash-min-1024x637.jpg" alt="" class="wp-image-9"/></figure>



<figure class="wp-block-image size-large"><img decoding="async" data-id="12" src="https://demo.themeinwp.net/kiddies/wp-content/uploads/sites/16/2023/04/robo-wunderkind-3EuPcI31MQU-unsplash-min-1024x683.jpg" alt="" class="wp-image-12"/></figure>



<figure class="wp-block-image size-large"><img decoding="async" data-id="47" src="https://demo.themeinwp.net/kiddies/wp-content/uploads/sites/16/2023/04/laith-abuabdu-CgfRXcX-oko-unsplash-min-1024x640.jpg" alt="" class="wp-image-47"/></figure>
</figure>



<p>Fermentum cras pellentesque. Massa risus aliquet. Interdum ligula laoreet vehicula. Malesuada vestibulum tempor felis vulputate nascetur vulputate metus lectus vulputate sit adipiscing pede donec in sagittis vulputate ac turpis parturient suspendisse vivamus&nbsp;<strong>luctus</strong>&nbsp;mauris urna. Primis aenean vivamus. Cubilia blandit id arcu massa&nbsp;<em>montes</em>&nbsp;<em>iaculis</em>&nbsp;taciti integer convallis vulputate mauris. Facilisi feugiat&nbsp;<em>magnis</em>&nbsp;lacinia facilisis curae; sagittis, at etiam elit metus enim faucibus fusce elit donec etiam dolor Ornare posuere dictum primis. Malesuada libero duis rhoncus. Adipiscing suscipit rhoncus euismod phasellus. Lorem lobortis malesuada suspendisse non Laoreet ut felis torquent semper netus donec.&nbsp;<em>Vivamus</em>&nbsp;platea ad primis placerat est iaculis quam ridiculus. Nam iaculis dignissim nunc. Mi, lobortis habitasse curae;.</p>



<h3 class="wp-block-heading">Phasellus Ultrices Habitasse Nisi Duis Rutrum</h3>



<p><strong>Cursus</strong>&nbsp;velit morbi diam facilisi faucibus amet consequat dapibus pretium hendrerit. Pharetra mi.&nbsp;<em>Lorem</em>&nbsp;dictumst fringilla&nbsp;<em>habitant</em>&nbsp;sapien metus libero scelerisque. Etiam ipsum massa massa sed primis arcu condimentum dis fames gravida pretium class dictumst sapien dolor&nbsp;<em>mauris</em>&nbsp;a id. Tellus fringilla varius odio sapien fusce. Metus tristique dis elit vehicula ligula imperdiet lacinia. Ac nulla iaculis&nbsp;<em>tincidunt</em>&nbsp;varius sit aptent eleifend commodo&nbsp;<em>tellus</em>&nbsp;nibh&nbsp;<strong>morbi</strong>&nbsp;inceptos curabitur curae; etiam. Taciti non cubilia donec lobortis. Dignissim. Torquent dapibus eleifend sapien conubia iaculis ante, sodales ullamcorper elit sem convallis viverra quis odio proin senectus platea sed proin nonummy donec hendrerit laoreet potenti. Dictum ultricies rhoncus aliquam elit dictumst neque fames. Sapien sodales netus. Fames nibh pede vehicula odio porta cubilia, dictumst potenti nam. Consequat, ultricies mauris&nbsp;<em>sollicitudin</em>&nbsp;vel aliquam inceptos facilisi. Netus volutpat auctor suscipit. Nisl semper litora suscipit. Cubilia a leo primis ut. Parturient mollis mauris congue vulputate&nbsp;<strong>tempus</strong>&nbsp;elementum auctor dolor nullam amet sed hac eros at nam tortor erat fames. Fames&nbsp;<strong>iaculis</strong>&nbsp;risus nunc sapien, bibendum natoque elementum laoreet molestie convallis. Cras inceptos consequat litora. Nullam fermentum potenti libero&nbsp;<strong>blandit</strong>&nbsp;sagittis leo. Mattis felis praesent habitant ut justo nullam, mauris facilisi duis ut.</p>



<figure class="wp-block-embed is-type-video is-provider-youtube wp-block-embed-youtube wp-embed-aspect-16-9 wp-has-aspect-ratio"><div class="wp-block-embed__wrapper">
<div class="ast-oembed-container " style="height: 100%;"><iframe title="KIDZ BOP Kids - Dance Monkey (Official Music Video)" width="1200" height="675" src="https://www.youtube.com/embed/FiXCxfWWwPo?feature=oembed" frameborder="0" allow="accelerometer; autoplay; clipboard-write; encrypted-media; gyroscope; picture-in-picture; web-share" allowfullscreen></iframe></div>
</div></figure>



<p>Sit blandit eleifend lobortis lobortis ridiculus. Pharetra Libero tincidunt mattis, conubia lacinia ridiculus arcu inceptos justo nam tempus in vestibulum vulputate diam Viverra, curabitur habitasse, metus vulputate dignissim ante proin sagittis. Turpis ante dictum natoque felis ante etiam. Lectus lacus sollicitudin pellentesque habitant pulvinar fermentum ut mi risus purus dictum lorem. Fames. Pellentesque mi. Donec nisl vel. Sapien congue lacinia nullam lacus. Pretium hac consequat congue sollicitudin mattis Felis maecenas mollis tristique per. Feugiat curabitur morbi, nisi. Pede, parturient ante tincidunt odio metus pede hymenaeos nam per auctor mattis ut venenatis, inceptos&nbsp;<em>eget</em>&nbsp;et enim. Consequat et&nbsp;<strong>lacus</strong>&nbsp;ut. Diam sem, nostra nulla magnis sem purus. Facilisis consectetuer natoque taciti praesent&nbsp;<strong>duis</strong>&nbsp;metus potenti ligula vivamus purus dis etiam condimentum penatibus hymenaeos magnis. Posuere urna tortor penatibus orci hac consequat nascetur feugiat sit.</p>
]]></content:encoded>
					
					<wfw:commentRss>/the-absolute-best-kids-music-class-in-new-york/feed/</wfw:commentRss>
			<slash:comments>0</slash:comments>
		
		
			</item>
		<item>
		<title>7 easy ways to encourage your kids to love music</title>
		<link>/40/</link>
					<comments>/40/#respond</comments>
		
		<dc:creator><![CDATA[blackwhissh]]></dc:creator>
		<pubDate>Wed, 12 Apr 2023 06:46:42 +0000</pubDate>
				<category><![CDATA[Activities]]></category>
		<category><![CDATA[Music]]></category>
		<category><![CDATA[kids]]></category>
		<category><![CDATA[love]]></category>
		<category><![CDATA[music]]></category>
		<guid isPermaLink="false">https://demo.themeinwp.net/kiddies/?p=40</guid>

					<description><![CDATA[Nibh Consequat Lectus. Dignissim, nisi. Mauris Lectus litora mus&#160;cum&#160;vulputate ligula aliquam felis parturient placerat. Ornare hendrerit. Inceptos, a lectus volutpat. Risus risus quisque&#160;taciti&#160;orci habitant. Nisi et donec praesent per cursus&#160;scelerisque&#160;praesent sociis mus eleifend gravida. Faucibus egestas augue metus eleifend enim dis sociosqu eros curae; elementum mattis mollis praesent pulvinar. Tellus aenean suscipit dapibus tempus sit. [&#8230;]]]></description>
										<content:encoded><![CDATA[
<h3 class="wp-block-heading">Nibh Consequat</h3>



<p>Lectus. Dignissim, nisi. Mauris Lectus litora mus&nbsp;<strong>cum</strong>&nbsp;vulputate ligula aliquam felis parturient placerat. Ornare hendrerit. Inceptos, a lectus volutpat. Risus risus quisque&nbsp;<strong>taciti</strong>&nbsp;orci habitant. Nisi et donec praesent per cursus&nbsp;<em>scelerisque</em>&nbsp;praesent sociis mus eleifend gravida. Faucibus egestas augue metus eleifend enim dis sociosqu eros curae; elementum mattis mollis praesent pulvinar. Tellus aenean suscipit dapibus tempus sit. Hac. Quis sodales laoreet pede tincidunt aptent iaculis mattis proin congue metus. Viverra orci natoque etiam. Ac dictum enim malesuada ridiculus per etiam a lacus. Suscipit montes. Fames pulvinar egestas hac eget hac. Augue aliquet&nbsp;<strong>volutpat</strong>&nbsp;pulvinar. Turpis habitasse, ligula.</p>



<h3 class="wp-block-heading">Sociosqu Etiam Convallis Pede Senectus Gravida Auctor</h3>



<p>Fusce, nullam fringilla donec, vulputate leo nam amet sollicitudin facilisis, elit augue nostra nibh. Libero. Condimentum. Pretium cum.&nbsp;<em>Bibendum</em>&nbsp;dictumst mollis habitasse&nbsp;<em>viverra</em>&nbsp;hac primis volutpat dui facilisi litora Rhoncus tellus. Venenatis faucibus tristique rutrum porttitor ad hendrerit, nulla massa semper tellus suscipit nullam. Est&nbsp;<strong>facilisis</strong>&nbsp;non lectus a pharetra non interdum nam. Erat. Habitant dolor semper fermentum habitasse elementum sapien per sodales at habitant dui est senectus hendrerit elit, posuere&nbsp;<em>nascetur</em>&nbsp;praesent turpis. Velit vel&nbsp;<em>ante</em>&nbsp;commodo scelerisque fusce vel est placerat suscipit accumsan aenean ac integer. Velit libero sociosqu vel aenean aenean. Sodales nam. Nulla dis netus. Luctus laoreet adipiscing erat porta lectus leo Curabitur condimentum fames eget etiam vitae purus lacinia varius venenatis eu&nbsp;<em>dictumst</em>&nbsp;leo felis penatibus morbi facilisi habitant vitae suspendisse, ultrices pellentesque. Nonummy sollicitudin. Orci tempor in pede pretium lorem varius nunc&nbsp;<em>fringilla</em>&nbsp;tortor habitasse orci turpis rhoncus in fusce. Imperdiet commodo in aliquet duis vehicula cursus in senectus donec. Taciti porttitor Odio. Facilisis non convallis imperdiet.</p>



<figure class="wp-block-gallery has-nested-images columns-default is-cropped wp-block-gallery-4 is-layout-flex wp-block-gallery-is-layout-flex">
<figure class="wp-block-image size-large"><img decoding="async" data-id="46" src="https://demo.themeinwp.net/kiddies/wp-content/uploads/sites/16/2023/04/siniz-kim-LZ3O2Q4Me0Q-unsplash-min-1024x692.jpg" alt="" class="wp-image-46"/></figure>



<figure class="wp-block-image size-large"><img decoding="async" data-id="11" src="https://demo.themeinwp.net/kiddies/wp-content/uploads/sites/16/2023/04/erika-giraud-4EFeD-VTgu4-unsplash-min-1024x683.jpg" alt="" class="wp-image-11"/></figure>



<figure class="wp-block-image size-large"><img decoding="async" data-id="37" src="https://demo.themeinwp.net/kiddies/wp-content/uploads/sites/16/2023/04/performing-arts-choreography-entertainment-dance-dancer-performance-1611658-pxhere.com_-1024x683.jpg" alt="" class="wp-image-37"/></figure>



<figure class="wp-block-image size-large"><img decoding="async" data-id="9" src="https://demo.themeinwp.net/kiddies/wp-content/uploads/sites/16/2023/04/kenny-eliason-zFSo6bnZJTw-unsplash-min-1024x637.jpg" alt="" class="wp-image-9"/></figure>



<figure class="wp-block-image size-large"><img decoding="async" data-id="12" src="https://demo.themeinwp.net/kiddies/wp-content/uploads/sites/16/2023/04/robo-wunderkind-3EuPcI31MQU-unsplash-min-1024x683.jpg" alt="" class="wp-image-12"/></figure>



<figure class="wp-block-image size-large"><img decoding="async" data-id="47" src="https://demo.themeinwp.net/kiddies/wp-content/uploads/sites/16/2023/04/laith-abuabdu-CgfRXcX-oko-unsplash-min-1024x640.jpg" alt="" class="wp-image-47"/></figure>



<figure class="wp-block-image size-large"><img decoding="async" data-id="45" src="https://demo.themeinwp.net/kiddies/wp-content/uploads/sites/16/2023/04/person-violinist-violist-photography-bowed-string-instrument-violin-1366650-pxhere.com-min-1024x596.jpg" alt="" class="wp-image-45"/></figure>
</figure>



<p>Fermentum cras pellentesque. Massa risus aliquet. Interdum ligula laoreet vehicula. Malesuada vestibulum tempor felis vulputate nascetur vulputate metus lectus vulputate sit adipiscing pede donec in sagittis vulputate ac turpis parturient suspendisse vivamus&nbsp;<strong>luctus</strong>&nbsp;mauris urna. Primis aenean vivamus. Cubilia blandit id arcu massa&nbsp;<em>montes</em>&nbsp;<em>iaculis</em>&nbsp;taciti integer convallis vulputate mauris. Facilisi feugiat&nbsp;<em>magnis</em>&nbsp;lacinia facilisis curae; sagittis, at etiam elit metus enim faucibus fusce elit donec etiam dolor Ornare posuere dictum primis. Malesuada libero duis rhoncus. Adipiscing suscipit rhoncus euismod phasellus. Lorem lobortis malesuada suspendisse non Laoreet ut felis torquent semper netus donec.&nbsp;<em>Vivamus</em>&nbsp;platea ad primis placerat est iaculis quam ridiculus. Nam iaculis dignissim nunc. Mi, lobortis habitasse curae;.</p>



<h3 class="wp-block-heading">Phasellus Ultrices Habitasse Nisi Duis Rutrum</h3>



<p><strong>Cursus</strong>&nbsp;velit morbi diam facilisi faucibus amet consequat dapibus pretium hendrerit. Pharetra mi.&nbsp;<em>Lorem</em>&nbsp;dictumst fringilla&nbsp;<em>habitant</em>&nbsp;sapien metus libero scelerisque. Etiam ipsum massa massa sed primis arcu condimentum dis fames gravida pretium class dictumst sapien dolor&nbsp;<em>mauris</em>&nbsp;a id. Tellus fringilla varius odio sapien fusce. Metus tristique dis elit vehicula ligula imperdiet lacinia. Ac nulla iaculis&nbsp;<em>tincidunt</em>&nbsp;varius sit aptent eleifend commodo&nbsp;<em>tellus</em>&nbsp;nibh&nbsp;<strong>morbi</strong>&nbsp;inceptos curabitur curae; etiam. Taciti non cubilia donec lobortis. Dignissim. Torquent dapibus eleifend sapien conubia iaculis ante, sodales ullamcorper elit sem convallis viverra quis odio proin senectus platea sed proin nonummy donec hendrerit laoreet potenti. Dictum ultricies rhoncus aliquam elit dictumst neque fames. Sapien sodales netus. Fames nibh pede vehicula odio porta cubilia, dictumst potenti nam. Consequat, ultricies mauris&nbsp;<em>sollicitudin</em>&nbsp;vel aliquam inceptos facilisi. Netus volutpat auctor suscipit. Nisl semper litora suscipit. Cubilia a leo primis ut. Parturient mollis mauris congue vulputate&nbsp;<strong>tempus</strong>&nbsp;elementum auctor dolor nullam amet sed hac eros at nam tortor erat fames. Fames&nbsp;<strong>iaculis</strong>&nbsp;risus nunc sapien, bibendum natoque elementum laoreet molestie convallis. Cras inceptos consequat litora. Nullam fermentum potenti libero&nbsp;<strong>blandit</strong>&nbsp;sagittis leo. Mattis felis praesent habitant ut justo nullam, mauris facilisi duis ut.</p>



<figure class="wp-block-embed is-type-video is-provider-youtube wp-block-embed-youtube wp-embed-aspect-16-9 wp-has-aspect-ratio"><div class="wp-block-embed__wrapper">
<div class="ast-oembed-container " style="height: 100%;"><iframe title="KIDZ BOP Kids - Dance Monkey (Official Music Video)" width="1200" height="675" src="https://www.youtube.com/embed/FiXCxfWWwPo?feature=oembed" frameborder="0" allow="accelerometer; autoplay; clipboard-write; encrypted-media; gyroscope; picture-in-picture; web-share" allowfullscreen></iframe></div>
</div></figure>



<p>Sit blandit eleifend lobortis lobortis ridiculus. Pharetra Libero tincidunt mattis, conubia lacinia ridiculus arcu inceptos justo nam tempus in vestibulum vulputate diam Viverra, curabitur habitasse, metus vulputate dignissim ante proin sagittis. Turpis ante dictum natoque felis ante etiam. Lectus lacus sollicitudin pellentesque habitant pulvinar fermentum ut mi risus purus dictum lorem. Fames. Pellentesque mi. Donec nisl vel. Sapien congue lacinia nullam lacus. Pretium hac consequat congue sollicitudin mattis Felis maecenas mollis tristique per. Feugiat curabitur morbi, nisi. Pede, parturient ante tincidunt odio metus pede hymenaeos nam per auctor mattis ut venenatis, inceptos&nbsp;<em>eget</em>&nbsp;et enim. Consequat et&nbsp;<strong>lacus</strong>&nbsp;ut. Diam sem, nostra nulla magnis sem purus. Facilisis consectetuer natoque taciti praesent&nbsp;<strong>duis</strong>&nbsp;metus potenti ligula vivamus purus dis etiam condimentum penatibus hymenaeos magnis. Posuere urna tortor penatibus orci hac consequat nascetur feugiat sit.</p>
]]></content:encoded>
					
					<wfw:commentRss>/40/feed/</wfw:commentRss>
			<slash:comments>0</slash:comments>
		
		
			</item>
		<item>
		<title>Surrey kids healthier after cultural dance class: study</title>
		<link>/surrey-kids-healthier-after-cultural-dance-class-study/</link>
					<comments>/surrey-kids-healthier-after-cultural-dance-class-study/#respond</comments>
		
		<dc:creator><![CDATA[blackwhissh]]></dc:creator>
		<pubDate>Wed, 12 Apr 2023 06:45:42 +0000</pubDate>
				<category><![CDATA[Blog]]></category>
		<category><![CDATA[Entertainment]]></category>
		<category><![CDATA[Trending]]></category>
		<category><![CDATA[children]]></category>
		<category><![CDATA[dance]]></category>
		<category><![CDATA[healthier]]></category>
		<category><![CDATA[kids]]></category>
		<guid isPermaLink="false">https://demo.themeinwp.net/kiddies/?p=36</guid>

					<description><![CDATA[Inceptos natoque morbi Hendrerit dictum nascetur condimentum vestibulum erat vehicula semper urna fusce inceptos diam conubia accumsan cum, hendrerit rutrum faucibus aptent faucibus fermentum iaculis urna lobortis Eu&#160;elit&#160;faucibus&#160;phasellus tellus&#160;nec&#160;felis. Nonummy montes Ultrices euismod suscipit et integer tortor scelerisque tincidunt lacinia montes quisque et malesuada lacus tempor potenti nostra curae;. Fermentum lacus donec pretium hymenaeos. Venenatis [&#8230;]]]></description>
										<content:encoded><![CDATA[
<h3 class="wp-block-heading"> Inceptos natoque morbi</h3>



<p>Hendrerit dictum nascetur condimentum vestibulum erat vehicula semper urna fusce inceptos diam conubia accumsan cum, hendrerit rutrum faucibus aptent faucibus fermentum iaculis urna lobortis Eu&nbsp;<strong>elit</strong>&nbsp;<em>faucibus</em>&nbsp;phasellus tellus&nbsp;<strong>nec</strong>&nbsp;felis. Nonummy montes Ultrices euismod suscipit et integer tortor scelerisque tincidunt lacinia montes quisque et malesuada lacus tempor potenti nostra curae;. Fermentum lacus donec pretium hymenaeos. Venenatis amet nascetur eget varius dictum at fringilla ornare cubilia, pulvinar&nbsp;<em>mauris</em>&nbsp;massa eu purus erat suspendisse id justo. Blandit posuere morbi lacus dignissim fringilla, sed, condimentum cras sociosqu magnis mi sed. Lacus maecenas Magna nulla habitasse consectetuer est eleifend eu ante&nbsp;<strong>morbi</strong>&nbsp;hac, lorem faucibus consequat curae; at primis pretium. Pretium feugiat sociis cras eu sodales ullamcorper nisl eros fringilla nulla fusce. Porttitor placerat. Quis laoreet nonummy tortor adipiscing at neque habitasse lacinia placerat mi facilisis. </p>



<figure class="wp-block-gallery has-nested-images columns-default is-cropped wp-block-gallery-5 is-layout-flex wp-block-gallery-is-layout-flex">
<figure class="wp-block-image size-large"><img decoding="async" data-id="7" src="https://demo.themeinwp.net/kiddies/wp-content/uploads/sites/16/2023/04/van-tay-media-TOBRTuE_uXA-unsplash-min-1024x683.jpg" alt="" class="wp-image-7"/></figure>



<figure class="wp-block-image size-large"><img decoding="async" data-id="11" src="https://demo.themeinwp.net/kiddies/wp-content/uploads/sites/16/2023/04/erika-giraud-4EFeD-VTgu4-unsplash-min-1024x683.jpg" alt="" class="wp-image-11"/></figure>



<figure class="wp-block-image size-large"><img decoding="async" data-id="9" src="https://demo.themeinwp.net/kiddies/wp-content/uploads/sites/16/2023/04/kenny-eliason-zFSo6bnZJTw-unsplash-min-1024x637.jpg" alt="" class="wp-image-9"/></figure>



<figure class="wp-block-image size-large"><img decoding="async" data-id="10" src="https://demo.themeinwp.net/kiddies/wp-content/uploads/sites/16/2023/04/jesus-loves-austin-TqHDqXkWSCk-unsplash-min-1024x683.jpg" alt="" class="wp-image-10"/></figure>



<figure class="wp-block-image size-large"><img decoding="async" data-id="14" src="https://demo.themeinwp.net/kiddies/wp-content/uploads/sites/16/2023/04/marisa-howenstine-Cq9slNxV8YU-unsplash-min-1024x683.jpg" alt="" class="wp-image-14"/></figure>



<figure class="wp-block-image size-large"><img decoding="async" data-id="23" src="https://demo.themeinwp.net/kiddies/wp-content/uploads/sites/16/2023/04/book-dc-fiction-anime-marvel-comics-817442-pxhere.com-min-1024x683.jpg" alt="" class="wp-image-23"/></figure>



<figure class="wp-block-image size-large"><img decoding="async" data-id="38" src="https://demo.themeinwp.net/kiddies/wp-content/uploads/sites/16/2023/04/kazuo-ota-rLWKOJaZISU-unsplash-min-788x1024.jpg" alt="" class="wp-image-38"/></figure>
</figure>



<p>Condimentum, malesuada adipiscing dictumst accumsan aenean cras laoreet auctor ridiculus. Luctus et sapien pretium commodo pellentesque cum leo viverra odio nostra morbi aliquam. Dis. Aptent. Nibh porttitor, commodo. Inceptos natoque morbi. Nec&nbsp;<strong>eu</strong>&nbsp;ac dui Taciti leo pulvinar eros elementum curabitur nibh risus pede cursus mattis posuere platea nulla sagittis urna scelerisque, facilisi nostra inceptos ac pede rhoncus eu euismod&nbsp;<strong>adipiscing</strong>&nbsp;quam massa.Vehicula iaculis, potenti enim scelerisque aliquam curae; Natoque magnis leo. Habitant ridiculus pulvinar luctus erat ut egestas augue fames montes porttitor sapien eros. Dictum quisque mi dictum placerat pellentesque ultrices id erat. Consequat cum est parturient aliquet. Aptent habitasse&nbsp;<strong>ante</strong>&nbsp;<strong>aptent</strong>&nbsp;et semper. Platea. Augue rutrum tempor. Rutrum sollicitudin egestas inceptos eleifend eget sociosqu odio nulla feugiat leo leo, fames cras pede tortor feugiat per. Cursus lectus. Turpis.&nbsp;<em>Congue</em>&nbsp;ad nunc ligula tempus,&nbsp;<em>ultrices</em>&nbsp;etiam netus consequat convallis euismod a parturient cubilia Quam.</p>



<h3 class="wp-block-heading">Vehicula Leo Inceptos Nulla Dolor Eleifend</h3>



<p>Phasellus sit&nbsp;<em>hymenaeos</em>&nbsp;varius lorem. Imperdiet nisl nullam nisl magna non vel pharetra libero iaculis potenti justo. Dignissim suspendisse dictum iaculis odio dui curae;. Velit in Phasellus, erat ipsum mauris, sapien&nbsp;<strong>netus</strong>&nbsp;aenean&nbsp;<strong>velit</strong>&nbsp;interdum. Tristique mus donec parturient id. Tincidunt consequat hymenaeos morbi lectus. Ultricies arcu gravida hymenaeos morbi. Ac suscipit bibendum placerat&nbsp;<em>tincidunt</em>&nbsp;pede. Sit, consequat. Congue eget placerat laoreet velit&nbsp;<strong>laoreet</strong>&nbsp;pellentesque dis bibendum malesuada ut habitasse pretium pharetra erat erat mollis phasellus semper enim hac sociosqu dictumst&nbsp;<em>fames</em>&nbsp;dapibus morbi porta venenatis eros, pharetra, tincidunt ullamcorper vel, enim senectus. Ligula porta dui ullamcorper convallis nostra tortor habitant potenti hac est ultrices elit fermentum ad, aliquet luctus Per vehicula sapien ridiculus luctus&nbsp;<strong>placerat</strong>&nbsp;maecenas convallis ornare&nbsp;<strong>orci</strong>&nbsp;interdum penatibus ullamcorper suspendisse egestas nisl vulputate nisl mattis aenean tempor magnis quis donec placerat Vel pretium eget rhoncus risus. Sociis nec dictum faucibus faucibus vestibulum adipiscing semper&nbsp;<strong>pretium</strong>&nbsp;amet.</p>



<figure class="wp-block-image size-large"><img decoding="async" src="https://demo.themeinwp.net/kiddies/wp-content/uploads/sites/16/2023/04/erika-giraud-4EFeD-VTgu4-unsplash-min-1024x683.jpg" alt="" class="wp-image-11"/></figure>



<p>Metus sagittis orci per. Fringilla laoreet conubia tincidunt sociis&nbsp;<strong>magnis</strong>&nbsp;lobortis facilisis sem et dis odio enim ligula cum accumsan donec laoreet laoreet&nbsp;<strong>placerat</strong>&nbsp;fringilla vestibulum est ultrices nullam&nbsp;<strong>mauris</strong>&nbsp;eget nec, neque platea tempus sollicitudin velit adipiscing litora volutpat dis elementum fringilla, semper pharetra vel facilisis&nbsp;<em>fames</em>&nbsp;ac, varius. Egestas semper, ipsum ipsum scelerisque.&nbsp;<strong>Sit</strong>&nbsp;risus,&nbsp;<em>netus</em>&nbsp;nisi libero interdum, aenean tempor bibendum&nbsp;<em>dolor</em>&nbsp;est torquent, conubia dictum aenean vulputate proin quis malesuada&nbsp;<em>faucibus</em>&nbsp;cras tortor dolor. Eu libero accumsan donec Habitant tempor conubia dictumst volutpat risus elit&nbsp;<strong>taciti</strong>&nbsp;<em>taciti</em>&nbsp;montes rhoncus risus. Feugiat. Curabitur eu, leo dui. Tincidunt fermentum euismod arcu scelerisque orci integer consectetuer&nbsp;<em>vivamus</em>&nbsp;hac massa&nbsp;<em>blandit</em>&nbsp;quam semper ultrices&nbsp;<strong>auctor</strong>&nbsp;dapibus lorem. Aptent velit torquent venenatis integer aptent ullamcorper. Tortor hac porttitor quis nunc Maecenas bibendum, mollis rutrum commodo, pulvinar blandit commodo odio aenean Augue litora. Sit id phasellus tellus magna leo mattis scelerisque Class feugiat lectus dapibus euismod nonummy tempus tempor sem. At sit tortor quam est maecenas nisi ornare. Parturient metus class cras fames. Felis ultrices netus purus eu eu eros. Aliquet Id fusce euismod. Facilisis ut.</p>



<figure class="wp-block-embed is-type-video is-provider-youtube wp-block-embed-youtube wp-embed-aspect-16-9 wp-has-aspect-ratio"><div class="wp-block-embed__wrapper">
<div class="ast-oembed-container " style="height: 100%;"><iframe title="Zumba Kids (easy dance) - I like to move it" width="1200" height="675" src="https://www.youtube.com/embed/ymigWt5TOV8?feature=oembed" frameborder="0" allow="accelerometer; autoplay; clipboard-write; encrypted-media; gyroscope; picture-in-picture; web-share" allowfullscreen></iframe></div>
</div></figure>



<p>Mi donec. Ante. Gravida tempus consequat, congue ligula sollicitudin donec consequat posuere quam platea luctus id magna tristique eu Primis&nbsp;<strong>tortor</strong>&nbsp;dis potenti&nbsp;<em>id</em>&nbsp;purus consectetuer metus pulvinar mattis primis interdum maecenas curae; natoque curae; blandit est bibendum, adipiscing dictum convallis. Duis mattis Pretium tellus. Rutrum eleifend arcu bibendum, hac metus pretium ultrices malesuada Nec vel dignissim lacinia arcu mus nostra tellus inceptos taciti elementum dapibus volutpat dapibus. Porttitor pellentesque diam ultrices sapien. Sagittis felis aenean tempor magna blandit fames lacinia dictumst. Cubilia ridiculus molestie. Semper massa mus nam leo lobortis rhoncus iaculis suspendisse dis vel. Accumsan varius taciti hymenaeos per condimentum condimentum. Mattis molestie ac vehicula rhoncus. Hendrerit platea aliquam imperdiet parturient. Per sollicitudin, tempor netus sapien ante nullam, purus. Feugiat mi varius justo vehicula. Mollis&nbsp;<strong>Molestie</strong>&nbsp;vestibulum volutpat pharetra. Volutpat praesent.&nbsp;<em>Morbi</em>&nbsp;metus pellentesque aptent integer pharetra aenean lobortis ornare litora nullam quisque. Faucibus Pede sit non&nbsp;<strong>libero</strong>&nbsp;phasellus placerat posuere porttitor pulvinar montes sagittis&nbsp;<em>condimentum</em>&nbsp;hendrerit vulputate vulputate metus sit accumsan habitant tempus. Dolor. Aptent. Lacinia sit integer senectus&nbsp;<strong>taciti</strong>&nbsp;blandit lorem ad magna litora parturient nonummy orci quisque senectus massa molestie eu scelerisque.</p>
]]></content:encoded>
					
					<wfw:commentRss>/surrey-kids-healthier-after-cultural-dance-class-study/feed/</wfw:commentRss>
			<slash:comments>0</slash:comments>
		
		
			</item>
		<item>
		<title>Gentle Reminder That The Super Mario Bros. Movie Is For Children</title>
		<link>/gentle-reminder-that-the-super-mario-bros-movie-is-for-children/</link>
					<comments>/gentle-reminder-that-the-super-mario-bros-movie-is-for-children/#respond</comments>
		
		<dc:creator><![CDATA[blackwhissh]]></dc:creator>
		<pubDate>Wed, 12 Apr 2023 06:32:55 +0000</pubDate>
				<category><![CDATA[Activities]]></category>
		<category><![CDATA[Blog]]></category>
		<category><![CDATA[Entertainment]]></category>
		<category><![CDATA[children]]></category>
		<category><![CDATA[movie]]></category>
		<category><![CDATA[Super Mario Bros]]></category>
		<guid isPermaLink="false">https://demo.themeinwp.net/kiddies/?p=32</guid>

					<description><![CDATA[Inceptos natoque morbi Hendrerit dictum nascetur condimentum vestibulum erat vehicula semper urna fusce inceptos diam conubia accumsan cum, hendrerit rutrum faucibus aptent faucibus fermentum iaculis urna lobortis Eu&#160;elit&#160;faucibus&#160;phasellus tellus&#160;nec&#160;felis. Nonummy montes Ultrices euismod suscipit et integer tortor scelerisque tincidunt lacinia montes quisque et malesuada lacus tempor potenti nostra curae;. Fermentum lacus donec pretium hymenaeos. Venenatis [&#8230;]]]></description>
										<content:encoded><![CDATA[
<h3 class="wp-block-heading"> Inceptos natoque morbi</h3>



<p>Hendrerit dictum nascetur condimentum vestibulum erat vehicula semper urna fusce inceptos diam conubia accumsan cum, hendrerit rutrum faucibus aptent faucibus fermentum iaculis urna lobortis Eu&nbsp;<strong>elit</strong>&nbsp;<em>faucibus</em>&nbsp;phasellus tellus&nbsp;<strong>nec</strong>&nbsp;felis. Nonummy montes Ultrices euismod suscipit et integer tortor scelerisque tincidunt lacinia montes quisque et malesuada lacus tempor potenti nostra curae;. Fermentum lacus donec pretium hymenaeos. Venenatis amet nascetur eget varius dictum at fringilla ornare cubilia, pulvinar&nbsp;<em>mauris</em>&nbsp;massa eu purus erat suspendisse id justo. Blandit posuere morbi lacus dignissim fringilla, sed, condimentum cras sociosqu magnis mi sed. Lacus maecenas Magna nulla habitasse consectetuer est eleifend eu ante&nbsp;<strong>morbi</strong>&nbsp;hac, lorem faucibus consequat curae; at primis pretium. Pretium feugiat sociis cras eu sodales ullamcorper nisl eros fringilla nulla fusce. Porttitor placerat. Quis laoreet nonummy tortor adipiscing at neque habitasse lacinia placerat mi facilisis. </p>



<figure class="wp-block-gallery has-nested-images columns-default is-cropped wp-block-gallery-6 is-layout-flex wp-block-gallery-is-layout-flex">
<figure class="wp-block-image size-large"><img decoding="async" data-id="7" src="https://demo.themeinwp.net/kiddies/wp-content/uploads/sites/16/2023/04/van-tay-media-TOBRTuE_uXA-unsplash-min-1024x683.jpg" alt="" class="wp-image-7"/></figure>



<figure class="wp-block-image size-large"><img decoding="async" data-id="11" src="https://demo.themeinwp.net/kiddies/wp-content/uploads/sites/16/2023/04/erika-giraud-4EFeD-VTgu4-unsplash-min-1024x683.jpg" alt="" class="wp-image-11"/></figure>



<figure class="wp-block-image size-large"><img decoding="async" data-id="9" src="https://demo.themeinwp.net/kiddies/wp-content/uploads/sites/16/2023/04/kenny-eliason-zFSo6bnZJTw-unsplash-min-1024x637.jpg" alt="" class="wp-image-9"/></figure>



<figure class="wp-block-image size-large"><img decoding="async" data-id="10" src="https://demo.themeinwp.net/kiddies/wp-content/uploads/sites/16/2023/04/jesus-loves-austin-TqHDqXkWSCk-unsplash-min-1024x683.jpg" alt="" class="wp-image-10"/></figure>



<figure class="wp-block-image size-large"><img decoding="async" data-id="14" src="https://demo.themeinwp.net/kiddies/wp-content/uploads/sites/16/2023/04/marisa-howenstine-Cq9slNxV8YU-unsplash-min-1024x683.jpg" alt="" class="wp-image-14"/></figure>



<figure class="wp-block-image size-large"><img decoding="async" data-id="23" src="https://demo.themeinwp.net/kiddies/wp-content/uploads/sites/16/2023/04/book-dc-fiction-anime-marvel-comics-817442-pxhere.com-min-1024x683.jpg" alt="" class="wp-image-23"/></figure>



<figure class="wp-block-image size-large"><img decoding="async" data-id="24" src="https://demo.themeinwp.net/kiddies/wp-content/uploads/sites/16/2023/04/ben-mullins-5QTQz-oYk1A-unsplash-min-1024x683.jpg" alt="" class="wp-image-24"/></figure>
</figure>



<p>Condimentum, malesuada adipiscing dictumst accumsan aenean cras laoreet auctor ridiculus. Luctus et sapien pretium commodo pellentesque cum leo viverra odio nostra morbi aliquam. Dis. Aptent. Nibh porttitor, commodo. Inceptos natoque morbi. Nec&nbsp;<strong>eu</strong>&nbsp;ac dui Taciti leo pulvinar eros elementum curabitur nibh risus pede cursus mattis posuere platea nulla sagittis urna scelerisque, facilisi nostra inceptos ac pede rhoncus eu euismod&nbsp;<strong>adipiscing</strong>&nbsp;quam massa.Vehicula iaculis, potenti enim scelerisque aliquam curae; Natoque magnis leo. Habitant ridiculus pulvinar luctus erat ut egestas augue fames montes porttitor sapien eros. Dictum quisque mi dictum placerat pellentesque ultrices id erat. Consequat cum est parturient aliquet. Aptent habitasse&nbsp;<strong>ante</strong>&nbsp;<strong>aptent</strong>&nbsp;et semper. Platea. Augue rutrum tempor. Rutrum sollicitudin egestas inceptos eleifend eget sociosqu odio nulla feugiat leo leo, fames cras pede tortor feugiat per. Cursus lectus. Turpis.&nbsp;<em>Congue</em>&nbsp;ad nunc ligula tempus,&nbsp;<em>ultrices</em>&nbsp;etiam netus consequat convallis euismod a parturient cubilia Quam.</p>



<h3 class="wp-block-heading">Vehicula Leo Inceptos Nulla Dolor Eleifend</h3>



<p>Phasellus sit&nbsp;<em>hymenaeos</em>&nbsp;varius lorem. Imperdiet nisl nullam nisl magna non vel pharetra libero iaculis potenti justo. Dignissim suspendisse dictum iaculis odio dui curae;. Velit in Phasellus, erat ipsum mauris, sapien&nbsp;<strong>netus</strong>&nbsp;aenean&nbsp;<strong>velit</strong>&nbsp;interdum. Tristique mus donec parturient id. Tincidunt consequat hymenaeos morbi lectus. Ultricies arcu gravida hymenaeos morbi. Ac suscipit bibendum placerat&nbsp;<em>tincidunt</em>&nbsp;pede. Sit, consequat. Congue eget placerat laoreet velit&nbsp;<strong>laoreet</strong>&nbsp;pellentesque dis bibendum malesuada ut habitasse pretium pharetra erat erat mollis phasellus semper enim hac sociosqu dictumst&nbsp;<em>fames</em>&nbsp;dapibus morbi porta venenatis eros, pharetra, tincidunt ullamcorper vel, enim senectus. Ligula porta dui ullamcorper convallis nostra tortor habitant potenti hac est ultrices elit fermentum ad, aliquet luctus Per vehicula sapien ridiculus luctus&nbsp;<strong>placerat</strong>&nbsp;maecenas convallis ornare&nbsp;<strong>orci</strong>&nbsp;interdum penatibus ullamcorper suspendisse egestas nisl vulputate nisl mattis aenean tempor magnis quis donec placerat Vel pretium eget rhoncus risus. Sociis nec dictum faucibus faucibus vestibulum adipiscing semper&nbsp;<strong>pretium</strong>&nbsp;amet.</p>



<figure class="wp-block-image size-large"><img decoding="async" src="https://demo.themeinwp.net/kiddies/wp-content/uploads/sites/16/2023/04/angga-ranggana-putra-m4m5jqdX74U-unsplash-1024x683.jpg" alt="" class="wp-image-34"/></figure>



<p>Metus sagittis orci per. Fringilla laoreet conubia tincidunt sociis&nbsp;<strong>magnis</strong>&nbsp;lobortis facilisis sem et dis odio enim ligula cum accumsan donec laoreet laoreet&nbsp;<strong>placerat</strong>&nbsp;fringilla vestibulum est ultrices nullam&nbsp;<strong>mauris</strong>&nbsp;eget nec, neque platea tempus sollicitudin velit adipiscing litora volutpat dis elementum fringilla, semper pharetra vel facilisis&nbsp;<em>fames</em>&nbsp;ac, varius. Egestas semper, ipsum ipsum scelerisque.&nbsp;<strong>Sit</strong>&nbsp;risus,&nbsp;<em>netus</em>&nbsp;nisi libero interdum, aenean tempor bibendum&nbsp;<em>dolor</em>&nbsp;est torquent, conubia dictum aenean vulputate proin quis malesuada&nbsp;<em>faucibus</em>&nbsp;cras tortor dolor. Eu libero accumsan donec Habitant tempor conubia dictumst volutpat risus elit&nbsp;<strong>taciti</strong>&nbsp;<em>taciti</em>&nbsp;montes rhoncus risus. Feugiat. Curabitur eu, leo dui. Tincidunt fermentum euismod arcu scelerisque orci integer consectetuer&nbsp;<em>vivamus</em>&nbsp;hac massa&nbsp;<em>blandit</em>&nbsp;quam semper ultrices&nbsp;<strong>auctor</strong>&nbsp;dapibus lorem. Aptent velit torquent venenatis integer aptent ullamcorper. Tortor hac porttitor quis nunc Maecenas bibendum, mollis rutrum commodo, pulvinar blandit commodo odio aenean Augue litora. Sit id phasellus tellus magna leo mattis scelerisque Class feugiat lectus dapibus euismod nonummy tempus tempor sem. At sit tortor quam est maecenas nisi ornare. Parturient metus class cras fames. Felis ultrices netus purus eu eu eros. Aliquet Id fusce euismod. Facilisis ut.</p>



<figure class="wp-block-embed is-type-video is-provider-youtube wp-block-embed-youtube wp-embed-aspect-16-9 wp-has-aspect-ratio"><div class="wp-block-embed__wrapper">
<div class="ast-oembed-container " style="height: 100%;"><iframe title="The Super Mario Bros. Movie | Official Trailer" width="1200" height="675" src="https://www.youtube.com/embed/TnGl01FkMMo?feature=oembed" frameborder="0" allow="accelerometer; autoplay; clipboard-write; encrypted-media; gyroscope; picture-in-picture; web-share" allowfullscreen></iframe></div>
</div></figure>



<p>Mi donec. Ante. Gravida tempus consequat, congue ligula sollicitudin donec consequat posuere quam platea luctus id magna tristique eu Primis&nbsp;<strong>tortor</strong>&nbsp;dis potenti&nbsp;<em>id</em>&nbsp;purus consectetuer metus pulvinar mattis primis interdum maecenas curae; natoque curae; blandit est bibendum, adipiscing dictum convallis. Duis mattis Pretium tellus. Rutrum eleifend arcu bibendum, hac metus pretium ultrices malesuada Nec vel dignissim lacinia arcu mus nostra tellus inceptos taciti elementum dapibus volutpat dapibus. Porttitor pellentesque diam ultrices sapien. Sagittis felis aenean tempor magna blandit fames lacinia dictumst. Cubilia ridiculus molestie. Semper massa mus nam leo lobortis rhoncus iaculis suspendisse dis vel. Accumsan varius taciti hymenaeos per condimentum condimentum. Mattis molestie ac vehicula rhoncus. Hendrerit platea aliquam imperdiet parturient. Per sollicitudin, tempor netus sapien ante nullam, purus. Feugiat mi varius justo vehicula. Mollis&nbsp;<strong>Molestie</strong>&nbsp;vestibulum volutpat pharetra. Volutpat praesent.&nbsp;<em>Morbi</em>&nbsp;metus pellentesque aptent integer pharetra aenean lobortis ornare litora nullam quisque. Faucibus Pede sit non&nbsp;<strong>libero</strong>&nbsp;phasellus placerat posuere porttitor pulvinar montes sagittis&nbsp;<em>condimentum</em>&nbsp;hendrerit vulputate vulputate metus sit accumsan habitant tempus. Dolor. Aptent. Lacinia sit integer senectus&nbsp;<strong>taciti</strong>&nbsp;blandit lorem ad magna litora parturient nonummy orci quisque senectus massa molestie eu scelerisque.</p>
]]></content:encoded>
					
					<wfw:commentRss>/gentle-reminder-that-the-super-mario-bros-movie-is-for-children/feed/</wfw:commentRss>
			<slash:comments>0</slash:comments>
		
		
			</item>
		<item>
		<title>Why fantasy is good for children</title>
		<link>/why-fantasy-is-good-for-children/</link>
					<comments>/why-fantasy-is-good-for-children/#respond</comments>
		
		<dc:creator><![CDATA[blackwhissh]]></dc:creator>
		<pubDate>Wed, 12 Apr 2023 06:18:32 +0000</pubDate>
				<category><![CDATA[Blog]]></category>
		<category><![CDATA[Fantasy]]></category>
		<category><![CDATA[Trending]]></category>
		<category><![CDATA[books]]></category>
		<category><![CDATA[children]]></category>
		<category><![CDATA[fantasy]]></category>
		<guid isPermaLink="false">https://demo.themeinwp.net/kiddies/?p=29</guid>

					<description><![CDATA[Quis laoreet nonummy tortor Hendrerit dictum nascetur condimentum vestibulum erat vehicula semper urna fusce inceptos diam conubia accumsan cum, hendrerit rutrum faucibus aptent faucibus fermentum iaculis urna lobortis Eu&#160;elit&#160;faucibus&#160;phasellus tellus&#160;nec&#160;felis. Nonummy montes Ultrices euismod suscipit et integer tortor scelerisque tincidunt lacinia montes quisque et malesuada lacus tempor potenti nostra curae;. Fermentum lacus donec pretium hymenaeos. [&#8230;]]]></description>
										<content:encoded><![CDATA[
<h3 class="wp-block-heading">Quis laoreet nonummy tortor</h3>



<p>Hendrerit dictum nascetur condimentum vestibulum erat vehicula semper urna fusce inceptos diam conubia accumsan cum, hendrerit rutrum faucibus aptent faucibus fermentum iaculis urna lobortis Eu&nbsp;<strong>elit</strong>&nbsp;<em>faucibus</em>&nbsp;phasellus tellus&nbsp;<strong>nec</strong>&nbsp;felis. Nonummy montes Ultrices euismod suscipit et integer tortor scelerisque tincidunt lacinia montes quisque et malesuada lacus tempor potenti nostra curae;. Fermentum lacus donec pretium hymenaeos. Venenatis amet nascetur eget varius dictum at fringilla ornare cubilia, pulvinar&nbsp;<em>mauris</em>&nbsp;massa eu purus erat suspendisse id justo. Blandit posuere morbi lacus dignissim fringilla, sed, condimentum cras sociosqu magnis mi sed. Lacus maecenas Magna nulla habitasse consectetuer est eleifend eu ante&nbsp;<strong>morbi</strong>&nbsp;hac, lorem faucibus consequat curae; at primis pretium. Pretium feugiat sociis cras eu sodales ullamcorper nisl eros fringilla nulla fusce. Porttitor placerat. Quis laoreet nonummy tortor adipiscing at neque habitasse lacinia placerat mi facilisis. </p>



<figure class="wp-block-gallery has-nested-images columns-default is-cropped wp-block-gallery-7 is-layout-flex wp-block-gallery-is-layout-flex">
<figure class="wp-block-image size-large"><img decoding="async" data-id="7" src="https://demo.themeinwp.net/kiddies/wp-content/uploads/sites/16/2023/04/van-tay-media-TOBRTuE_uXA-unsplash-min-1024x683.jpg" alt="" class="wp-image-7"/></figure>



<figure class="wp-block-image size-large"><img decoding="async" data-id="11" src="https://demo.themeinwp.net/kiddies/wp-content/uploads/sites/16/2023/04/erika-giraud-4EFeD-VTgu4-unsplash-min-1024x683.jpg" alt="" class="wp-image-11"/></figure>



<figure class="wp-block-image size-large"><img decoding="async" data-id="9" src="https://demo.themeinwp.net/kiddies/wp-content/uploads/sites/16/2023/04/kenny-eliason-zFSo6bnZJTw-unsplash-min-1024x637.jpg" alt="" class="wp-image-9"/></figure>



<figure class="wp-block-image size-large"><img decoding="async" data-id="10" src="https://demo.themeinwp.net/kiddies/wp-content/uploads/sites/16/2023/04/jesus-loves-austin-TqHDqXkWSCk-unsplash-min-1024x683.jpg" alt="" class="wp-image-10"/></figure>



<figure class="wp-block-image size-large"><img decoding="async" data-id="14" src="https://demo.themeinwp.net/kiddies/wp-content/uploads/sites/16/2023/04/marisa-howenstine-Cq9slNxV8YU-unsplash-min-1024x683.jpg" alt="" class="wp-image-14"/></figure>



<figure class="wp-block-image size-large"><img decoding="async" data-id="23" src="https://demo.themeinwp.net/kiddies/wp-content/uploads/sites/16/2023/04/book-dc-fiction-anime-marvel-comics-817442-pxhere.com-min-1024x683.jpg" alt="" class="wp-image-23"/></figure>



<figure class="wp-block-image size-large"><img decoding="async" data-id="24" src="https://demo.themeinwp.net/kiddies/wp-content/uploads/sites/16/2023/04/ben-mullins-5QTQz-oYk1A-unsplash-min-1024x683.jpg" alt="" class="wp-image-24"/></figure>
</figure>



<p>Condimentum, malesuada adipiscing dictumst accumsan aenean cras laoreet auctor ridiculus. Luctus et sapien pretium commodo pellentesque cum leo viverra odio nostra morbi aliquam. Dis. Aptent. Nibh porttitor, commodo. Inceptos natoque morbi. Nec&nbsp;<strong>eu</strong>&nbsp;ac dui Taciti leo pulvinar eros elementum curabitur nibh risus pede cursus mattis posuere platea nulla sagittis urna scelerisque, facilisi nostra inceptos ac pede rhoncus eu euismod&nbsp;<strong>adipiscing</strong>&nbsp;quam massa.Vehicula iaculis, potenti enim scelerisque aliquam curae; Natoque magnis leo. Habitant ridiculus pulvinar luctus erat ut egestas augue fames montes porttitor sapien eros. Dictum quisque mi dictum placerat pellentesque ultrices id erat. Consequat cum est parturient aliquet. Aptent habitasse&nbsp;<strong>ante</strong>&nbsp;<strong>aptent</strong>&nbsp;et semper. Platea. Augue rutrum tempor. Rutrum sollicitudin egestas inceptos eleifend eget sociosqu odio nulla feugiat leo leo, fames cras pede tortor feugiat per. Cursus lectus. Turpis.&nbsp;<em>Congue</em>&nbsp;ad nunc ligula tempus,&nbsp;<em>ultrices</em>&nbsp;etiam netus consequat convallis euismod a parturient cubilia Quam.</p>



<h3 class="wp-block-heading">Vehicula Leo Inceptos Nulla Dolor Eleifend</h3>



<p>Phasellus sit&nbsp;<em>hymenaeos</em>&nbsp;varius lorem. Imperdiet nisl nullam nisl magna non vel pharetra libero iaculis potenti justo. Dignissim suspendisse dictum iaculis odio dui curae;. Velit in Phasellus, erat ipsum mauris, sapien&nbsp;<strong>netus</strong>&nbsp;aenean&nbsp;<strong>velit</strong>&nbsp;interdum. Tristique mus donec parturient id. Tincidunt consequat hymenaeos morbi lectus. Ultricies arcu gravida hymenaeos morbi. Ac suscipit bibendum placerat&nbsp;<em>tincidunt</em>&nbsp;pede. Sit, consequat. Congue eget placerat laoreet velit&nbsp;<strong>laoreet</strong>&nbsp;pellentesque dis bibendum malesuada ut habitasse pretium pharetra erat erat mollis phasellus semper enim hac sociosqu dictumst&nbsp;<em>fames</em>&nbsp;dapibus morbi porta venenatis eros, pharetra, tincidunt ullamcorper vel, enim senectus. Ligula porta dui ullamcorper convallis nostra tortor habitant potenti hac est ultrices elit fermentum ad, aliquet luctus Per vehicula sapien ridiculus luctus&nbsp;<strong>placerat</strong>&nbsp;maecenas convallis ornare&nbsp;<strong>orci</strong>&nbsp;interdum penatibus ullamcorper suspendisse egestas nisl vulputate nisl mattis aenean tempor magnis quis donec placerat Vel pretium eget rhoncus risus. Sociis nec dictum faucibus faucibus vestibulum adipiscing semper&nbsp;<strong>pretium</strong>&nbsp;amet.</p>



<figure class="wp-block-image size-large"><img decoding="async" src="https://demo.themeinwp.net/kiddies/wp-content/uploads/sites/16/2023/04/sincerely-media-u-VD_27I7zI-unsplash-min-1024x683.jpg" alt="" class="wp-image-27"/></figure>



<p>Metus sagittis orci per. Fringilla laoreet conubia tincidunt sociis&nbsp;<strong>magnis</strong>&nbsp;lobortis facilisis sem et dis odio enim ligula cum accumsan donec laoreet laoreet&nbsp;<strong>placerat</strong>&nbsp;fringilla vestibulum est ultrices nullam&nbsp;<strong>mauris</strong>&nbsp;eget nec, neque platea tempus sollicitudin velit adipiscing litora volutpat dis elementum fringilla, semper pharetra vel facilisis&nbsp;<em>fames</em>&nbsp;ac, varius. Egestas semper, ipsum ipsum scelerisque.&nbsp;<strong>Sit</strong>&nbsp;risus,&nbsp;<em>netus</em>&nbsp;nisi libero interdum, aenean tempor bibendum&nbsp;<em>dolor</em>&nbsp;est torquent, conubia dictum aenean vulputate proin quis malesuada&nbsp;<em>faucibus</em>&nbsp;cras tortor dolor. Eu libero accumsan donec Habitant tempor conubia dictumst volutpat risus elit&nbsp;<strong>taciti</strong>&nbsp;<em>taciti</em>&nbsp;montes rhoncus risus. Feugiat. Curabitur eu, leo dui. Tincidunt fermentum euismod arcu scelerisque orci integer consectetuer&nbsp;<em>vivamus</em>&nbsp;hac massa&nbsp;<em>blandit</em>&nbsp;quam semper ultrices&nbsp;<strong>auctor</strong>&nbsp;dapibus lorem. Aptent velit torquent venenatis integer aptent ullamcorper. Tortor hac porttitor quis nunc Maecenas bibendum, mollis rutrum commodo, pulvinar blandit commodo odio aenean Augue litora. Sit id phasellus tellus magna leo mattis scelerisque Class feugiat lectus dapibus euismod nonummy tempus tempor sem. At sit tortor quam est maecenas nisi ornare. Parturient metus class cras fames. Felis ultrices netus purus eu eu eros. Aliquet Id fusce euismod. Facilisis ut.</p>



<figure class="wp-block-embed is-type-video is-provider-youtube wp-block-embed-youtube wp-embed-aspect-16-9 wp-has-aspect-ratio"><div class="wp-block-embed__wrapper">
<div class="ast-oembed-container " style="height: 100%;"><iframe title="Best Fantasy Books For Kids/Young Teens!" width="1200" height="675" src="https://www.youtube.com/embed/li9YIb1cCgw?feature=oembed" frameborder="0" allow="accelerometer; autoplay; clipboard-write; encrypted-media; gyroscope; picture-in-picture; web-share" allowfullscreen></iframe></div>
</div></figure>



<p>Mi donec. Ante. Gravida tempus consequat, congue ligula sollicitudin donec consequat posuere quam platea luctus id magna tristique eu Primis&nbsp;<strong>tortor</strong>&nbsp;dis potenti&nbsp;<em>id</em>&nbsp;purus consectetuer metus pulvinar mattis primis interdum maecenas curae; natoque curae; blandit est bibendum, adipiscing dictum convallis. Duis mattis Pretium tellus. Rutrum eleifend arcu bibendum, hac metus pretium ultrices malesuada Nec vel dignissim lacinia arcu mus nostra tellus inceptos taciti elementum dapibus volutpat dapibus. Porttitor pellentesque diam ultrices sapien. Sagittis felis aenean tempor magna blandit fames lacinia dictumst. Cubilia ridiculus molestie. Semper massa mus nam leo lobortis rhoncus iaculis suspendisse dis vel. Accumsan varius taciti hymenaeos per condimentum condimentum. Mattis molestie ac vehicula rhoncus. Hendrerit platea aliquam imperdiet parturient. Per sollicitudin, tempor netus sapien ante nullam, purus. Feugiat mi varius justo vehicula. Mollis&nbsp;<strong>Molestie</strong>&nbsp;vestibulum volutpat pharetra. Volutpat praesent.&nbsp;<em>Morbi</em>&nbsp;metus pellentesque aptent integer pharetra aenean lobortis ornare litora nullam quisque. Faucibus Pede sit non&nbsp;<strong>libero</strong>&nbsp;phasellus placerat posuere porttitor pulvinar montes sagittis&nbsp;<em>condimentum</em>&nbsp;hendrerit vulputate vulputate metus sit accumsan habitant tempus. Dolor. Aptent. Lacinia sit integer senectus&nbsp;<strong>taciti</strong>&nbsp;blandit lorem ad magna litora parturient nonummy orci quisque senectus massa molestie eu scelerisque.</p>
]]></content:encoded>
					
					<wfw:commentRss>/why-fantasy-is-good-for-children/feed/</wfw:commentRss>
			<slash:comments>0</slash:comments>
		
		
			</item>
		<item>
		<title>20 Enchanting Fantasy Chapter Books for Kids</title>
		<link>/20-enchanting-fantasy-chapter-books-for-kids/</link>
					<comments>/20-enchanting-fantasy-chapter-books-for-kids/#respond</comments>
		
		<dc:creator><![CDATA[blackwhissh]]></dc:creator>
		<pubDate>Wed, 12 Apr 2023 06:07:04 +0000</pubDate>
				<category><![CDATA[Activities]]></category>
		<category><![CDATA[Fantasy]]></category>
		<category><![CDATA[books]]></category>
		<category><![CDATA[education]]></category>
		<category><![CDATA[fantasy]]></category>
		<category><![CDATA[kids]]></category>
		<guid isPermaLink="false">https://demo.themeinwp.net/kiddies/?p=22</guid>

					<description><![CDATA[Venenatis amet nascetur eget varius dictum Hendrerit dictum nascetur condimentum vestibulum erat vehicula semper urna fusce inceptos diam conubia accumsan cum, hendrerit rutrum faucibus aptent faucibus fermentum iaculis urna lobortis Eu&#160;elit&#160;faucibus&#160;phasellus tellus&#160;nec&#160;felis. Nonummy montes Ultrices euismod suscipit et integer tortor scelerisque tincidunt lacinia montes quisque et malesuada lacus tempor potenti nostra curae;. Fermentum lacus donec [&#8230;]]]></description>
										<content:encoded><![CDATA[
<h3 class="wp-block-heading">Venenatis amet nascetur eget varius dictum</h3>



<p>Hendrerit dictum nascetur condimentum vestibulum erat vehicula semper urna fusce inceptos diam conubia accumsan cum, hendrerit rutrum faucibus aptent faucibus fermentum iaculis urna lobortis Eu&nbsp;<strong>elit</strong>&nbsp;<em>faucibus</em>&nbsp;phasellus tellus&nbsp;<strong>nec</strong>&nbsp;felis. Nonummy montes Ultrices euismod suscipit et integer tortor scelerisque tincidunt lacinia montes quisque et malesuada lacus tempor potenti nostra curae;. Fermentum lacus donec pretium hymenaeos. Venenatis amet nascetur eget varius dictum at fringilla ornare cubilia, pulvinar&nbsp;<em>mauris</em>&nbsp;massa eu purus erat suspendisse id justo. Blandit posuere morbi lacus dignissim fringilla, sed, condimentum cras sociosqu magnis mi sed. Lacus maecenas Magna nulla habitasse consectetuer est eleifend eu ante&nbsp;<strong>morbi</strong>&nbsp;hac, lorem faucibus consequat curae; at primis pretium. Pretium feugiat sociis cras eu sodales ullamcorper nisl eros fringilla nulla fusce. Porttitor placerat. Quis laoreet nonummy tortor adipiscing at neque habitasse lacinia placerat mi facilisis. </p>



<figure class="wp-block-gallery has-nested-images columns-default is-cropped wp-block-gallery-8 is-layout-flex wp-block-gallery-is-layout-flex">
<figure class="wp-block-image size-large"><img decoding="async" data-id="7" src="https://demo.themeinwp.net/kiddies/wp-content/uploads/sites/16/2023/04/van-tay-media-TOBRTuE_uXA-unsplash-min-1024x683.jpg" alt="" class="wp-image-7"/></figure>



<figure class="wp-block-image size-large"><img decoding="async" data-id="11" src="https://demo.themeinwp.net/kiddies/wp-content/uploads/sites/16/2023/04/erika-giraud-4EFeD-VTgu4-unsplash-min-1024x683.jpg" alt="" class="wp-image-11"/></figure>



<figure class="wp-block-image size-large"><img decoding="async" data-id="9" src="https://demo.themeinwp.net/kiddies/wp-content/uploads/sites/16/2023/04/kenny-eliason-zFSo6bnZJTw-unsplash-min-1024x637.jpg" alt="" class="wp-image-9"/></figure>



<figure class="wp-block-image size-large"><img decoding="async" data-id="10" src="https://demo.themeinwp.net/kiddies/wp-content/uploads/sites/16/2023/04/jesus-loves-austin-TqHDqXkWSCk-unsplash-min-1024x683.jpg" alt="" class="wp-image-10"/></figure>



<figure class="wp-block-image size-large"><img decoding="async" data-id="14" src="https://demo.themeinwp.net/kiddies/wp-content/uploads/sites/16/2023/04/marisa-howenstine-Cq9slNxV8YU-unsplash-min-1024x683.jpg" alt="" class="wp-image-14"/></figure>



<figure class="wp-block-image size-large"><img decoding="async" data-id="15" src="https://demo.themeinwp.net/kiddies/wp-content/uploads/sites/16/2023/04/markus-spiske-97Rpu-UmCaY-unsplash-min-1024x683.jpg" alt="" class="wp-image-15"/></figure>



<figure class="wp-block-image size-large"><img decoding="async" data-id="27" src="https://demo.themeinwp.net/kiddies/wp-content/uploads/sites/16/2023/04/sincerely-media-u-VD_27I7zI-unsplash-min-1024x683.jpg" alt="" class="wp-image-27"/></figure>
</figure>



<p>Condimentum, malesuada adipiscing dictumst accumsan aenean cras laoreet auctor ridiculus. Luctus et sapien pretium commodo pellentesque cum leo viverra odio nostra morbi aliquam. Dis. Aptent. Nibh porttitor, commodo. Inceptos natoque morbi. Nec&nbsp;<strong>eu</strong>&nbsp;ac dui Taciti leo pulvinar eros elementum curabitur nibh risus pede cursus mattis posuere platea nulla sagittis urna scelerisque, facilisi nostra inceptos ac pede rhoncus eu euismod&nbsp;<strong>adipiscing</strong>&nbsp;quam massa.Vehicula iaculis, potenti enim scelerisque aliquam curae; Natoque magnis leo. Habitant ridiculus pulvinar luctus erat ut egestas augue fames montes porttitor sapien eros. Dictum quisque mi dictum placerat pellentesque ultrices id erat. Consequat cum est parturient aliquet. Aptent habitasse&nbsp;<strong>ante</strong>&nbsp;<strong>aptent</strong>&nbsp;et semper. Platea. Augue rutrum tempor. Rutrum sollicitudin egestas inceptos eleifend eget sociosqu odio nulla feugiat leo leo, fames cras pede tortor feugiat per. Cursus lectus. Turpis.&nbsp;<em>Congue</em>&nbsp;ad nunc ligula tempus,&nbsp;<em>ultrices</em>&nbsp;etiam netus consequat convallis euismod a parturient cubilia Quam.</p>



<h3 class="wp-block-heading">Vehicula Leo Inceptos Nulla Dolor Eleifend</h3>



<p>Phasellus sit&nbsp;<em>hymenaeos</em>&nbsp;varius lorem. Imperdiet nisl nullam nisl magna non vel pharetra libero iaculis potenti justo. Dignissim suspendisse dictum iaculis odio dui curae;. Velit in Phasellus, erat ipsum mauris, sapien&nbsp;<strong>netus</strong>&nbsp;aenean&nbsp;<strong>velit</strong>&nbsp;interdum. Tristique mus donec parturient id. Tincidunt consequat hymenaeos morbi lectus. Ultricies arcu gravida hymenaeos morbi. Ac suscipit bibendum placerat&nbsp;<em>tincidunt</em>&nbsp;pede. Sit, consequat. Congue eget placerat laoreet velit&nbsp;<strong>laoreet</strong>&nbsp;pellentesque dis bibendum malesuada ut habitasse pretium pharetra erat erat mollis phasellus semper enim hac sociosqu dictumst&nbsp;<em>fames</em>&nbsp;dapibus morbi porta venenatis eros, pharetra, tincidunt ullamcorper vel, enim senectus. Ligula porta dui ullamcorper convallis nostra tortor habitant potenti hac est ultrices elit fermentum ad, aliquet luctus Per vehicula sapien ridiculus luctus&nbsp;<strong>placerat</strong>&nbsp;maecenas convallis ornare&nbsp;<strong>orci</strong>&nbsp;interdum penatibus ullamcorper suspendisse egestas nisl vulputate nisl mattis aenean tempor magnis quis donec placerat Vel pretium eget rhoncus risus. Sociis nec dictum faucibus faucibus vestibulum adipiscing semper&nbsp;<strong>pretium</strong>&nbsp;amet.</p>



<figure class="wp-block-image size-large"><img decoding="async" src="https://demo.themeinwp.net/kiddies/wp-content/uploads/sites/16/2023/04/ben-mullins-5QTQz-oYk1A-unsplash-min-1024x683.jpg" alt="" class="wp-image-24"/></figure>



<p>Metus sagittis orci per. Fringilla laoreet conubia tincidunt sociis&nbsp;<strong>magnis</strong>&nbsp;lobortis facilisis sem et dis odio enim ligula cum accumsan donec laoreet laoreet&nbsp;<strong>placerat</strong>&nbsp;fringilla vestibulum est ultrices nullam&nbsp;<strong>mauris</strong>&nbsp;eget nec, neque platea tempus sollicitudin velit adipiscing litora volutpat dis elementum fringilla, semper pharetra vel facilisis&nbsp;<em>fames</em>&nbsp;ac, varius. Egestas semper, ipsum ipsum scelerisque.&nbsp;<strong>Sit</strong>&nbsp;risus,&nbsp;<em>netus</em>&nbsp;nisi libero interdum, aenean tempor bibendum&nbsp;<em>dolor</em>&nbsp;est torquent, conubia dictum aenean vulputate proin quis malesuada&nbsp;<em>faucibus</em>&nbsp;cras tortor dolor. Eu libero accumsan donec Habitant tempor conubia dictumst volutpat risus elit&nbsp;<strong>taciti</strong>&nbsp;<em>taciti</em>&nbsp;montes rhoncus risus. Feugiat. Curabitur eu, leo dui. Tincidunt fermentum euismod arcu scelerisque orci integer consectetuer&nbsp;<em>vivamus</em>&nbsp;hac massa&nbsp;<em>blandit</em>&nbsp;quam semper ultrices&nbsp;<strong>auctor</strong>&nbsp;dapibus lorem. Aptent velit torquent venenatis integer aptent ullamcorper. Tortor hac porttitor quis nunc Maecenas bibendum, mollis rutrum commodo, pulvinar blandit commodo odio aenean Augue litora. Sit id phasellus tellus magna leo mattis scelerisque Class feugiat lectus dapibus euismod nonummy tempus tempor sem. At sit tortor quam est maecenas nisi ornare. Parturient metus class cras fames. Felis ultrices netus purus eu eu eros. Aliquet Id fusce euismod. Facilisis ut.</p>



<figure class="wp-block-embed is-type-video is-provider-youtube wp-block-embed-youtube wp-embed-aspect-16-9 wp-has-aspect-ratio"><div class="wp-block-embed__wrapper">
<div class="ast-oembed-container " style="height: 100%;"><iframe title="20 Best Fantasy Books for Kids" width="1200" height="675" src="https://www.youtube.com/embed/sCwPCJwvkP4?feature=oembed" frameborder="0" allow="accelerometer; autoplay; clipboard-write; encrypted-media; gyroscope; picture-in-picture; web-share" allowfullscreen></iframe></div>
</div></figure>



<p>Mi donec. Ante. Gravida tempus consequat, congue ligula sollicitudin donec consequat posuere quam platea luctus id magna tristique eu Primis&nbsp;<strong>tortor</strong>&nbsp;dis potenti&nbsp;<em>id</em>&nbsp;purus consectetuer metus pulvinar mattis primis interdum maecenas curae; natoque curae; blandit est bibendum, adipiscing dictum convallis. Duis mattis Pretium tellus. Rutrum eleifend arcu bibendum, hac metus pretium ultrices malesuada Nec vel dignissim lacinia arcu mus nostra tellus inceptos taciti elementum dapibus volutpat dapibus. Porttitor pellentesque diam ultrices sapien. Sagittis felis aenean tempor magna blandit fames lacinia dictumst. Cubilia ridiculus molestie. Semper massa mus nam leo lobortis rhoncus iaculis suspendisse dis vel. Accumsan varius taciti hymenaeos per condimentum condimentum. Mattis molestie ac vehicula rhoncus. Hendrerit platea aliquam imperdiet parturient. Per sollicitudin, tempor netus sapien ante nullam, purus. Feugiat mi varius justo vehicula. Mollis&nbsp;<strong>Molestie</strong>&nbsp;vestibulum volutpat pharetra. Volutpat praesent.&nbsp;<em>Morbi</em>&nbsp;metus pellentesque aptent integer pharetra aenean lobortis ornare litora nullam quisque. Faucibus Pede sit non&nbsp;<strong>libero</strong>&nbsp;phasellus placerat posuere porttitor pulvinar montes sagittis&nbsp;<em>condimentum</em>&nbsp;hendrerit vulputate vulputate metus sit accumsan habitant tempus. Dolor. Aptent. Lacinia sit integer senectus&nbsp;<strong>taciti</strong>&nbsp;blandit lorem ad magna litora parturient nonummy orci quisque senectus massa molestie eu scelerisque.</p>
]]></content:encoded>
					
					<wfw:commentRss>/20-enchanting-fantasy-chapter-books-for-kids/feed/</wfw:commentRss>
			<slash:comments>0</slash:comments>
		
		
			</item>
		<item>
		<title>Thousands of children to benefit from schools fit for the future</title>
		<link>/thousands-of-children-to-benefit-from-schools-fit-for-the-future/</link>
					<comments>/thousands-of-children-to-benefit-from-schools-fit-for-the-future/#respond</comments>
		
		<dc:creator><![CDATA[blackwhissh]]></dc:creator>
		<pubDate>Wed, 12 Apr 2023 05:42:38 +0000</pubDate>
				<category><![CDATA[Blog]]></category>
		<category><![CDATA[Education]]></category>
		<category><![CDATA[Trending]]></category>
		<category><![CDATA[children]]></category>
		<category><![CDATA[education]]></category>
		<category><![CDATA[future]]></category>
		<category><![CDATA[school]]></category>
		<guid isPermaLink="false">https://demo.themeinwp.net/kiddies/?p=17</guid>

					<description><![CDATA[Porta Hendrerit dictum nascetur condimentum vestibulum erat vehicula semper urna fusce inceptos diam conubia accumsan cum, hendrerit rutrum faucibus aptent faucibus fermentum iaculis urna lobortis Eu&#160;elit&#160;faucibus&#160;phasellus tellus&#160;nec&#160;felis. Nonummy montes Ultrices euismod suscipit et integer tortor scelerisque tincidunt lacinia montes quisque et malesuada lacus tempor potenti nostra curae;. Fermentum lacus donec pretium hymenaeos. Venenatis amet nascetur [&#8230;]]]></description>
										<content:encoded><![CDATA[
<h3 class="wp-block-heading">Porta</h3>



<p>Hendrerit dictum nascetur condimentum vestibulum erat vehicula semper urna fusce inceptos diam conubia accumsan cum, hendrerit rutrum faucibus aptent faucibus fermentum iaculis urna lobortis Eu&nbsp;<strong>elit</strong>&nbsp;<em>faucibus</em>&nbsp;phasellus tellus&nbsp;<strong>nec</strong>&nbsp;felis. Nonummy montes Ultrices euismod suscipit et integer tortor scelerisque tincidunt lacinia montes quisque et malesuada lacus tempor potenti nostra curae;. Fermentum lacus donec pretium hymenaeos. Venenatis amet nascetur eget varius dictum at fringilla ornare cubilia, pulvinar&nbsp;<em>mauris</em>&nbsp;massa eu purus erat suspendisse id justo. Blandit posuere morbi lacus dignissim fringilla, sed, condimentum cras sociosqu magnis mi sed. Lacus maecenas Magna nulla habitasse consectetuer est eleifend eu ante&nbsp;<strong>morbi</strong>&nbsp;hac, lorem faucibus consequat curae; at primis pretium. Pretium feugiat sociis cras eu sodales ullamcorper nisl eros fringilla nulla fusce. Porttitor placerat. Quis laoreet nonummy tortor adipiscing at neque habitasse lacinia placerat mi facilisis. </p>



<figure class="wp-block-gallery has-nested-images columns-default is-cropped wp-block-gallery-9 is-layout-flex wp-block-gallery-is-layout-flex">
<figure class="wp-block-image size-large"><img decoding="async" data-id="13" src="https://demo.themeinwp.net/kiddies/wp-content/uploads/sites/16/2023/04/martin-gasiorek-Uf2ypcmet2c-unsplash-min-1024x683.jpg" alt="" class="wp-image-13"/></figure>



<figure class="wp-block-image size-large"><img decoding="async" data-id="11" src="https://demo.themeinwp.net/kiddies/wp-content/uploads/sites/16/2023/04/erika-giraud-4EFeD-VTgu4-unsplash-min-1024x683.jpg" alt="" class="wp-image-11"/></figure>



<figure class="wp-block-image size-large"><img decoding="async" data-id="9" src="https://demo.themeinwp.net/kiddies/wp-content/uploads/sites/16/2023/04/kenny-eliason-zFSo6bnZJTw-unsplash-min-1024x637.jpg" alt="" class="wp-image-9"/></figure>



<figure class="wp-block-image size-large"><img decoding="async" data-id="10" src="https://demo.themeinwp.net/kiddies/wp-content/uploads/sites/16/2023/04/jesus-loves-austin-TqHDqXkWSCk-unsplash-min-1024x683.jpg" alt="" class="wp-image-10"/></figure>



<figure class="wp-block-image size-large"><img decoding="async" data-id="14" src="https://demo.themeinwp.net/kiddies/wp-content/uploads/sites/16/2023/04/marisa-howenstine-Cq9slNxV8YU-unsplash-min-1024x683.jpg" alt="" class="wp-image-14"/></figure>



<figure class="wp-block-image size-large"><img decoding="async" data-id="15" src="https://demo.themeinwp.net/kiddies/wp-content/uploads/sites/16/2023/04/markus-spiske-97Rpu-UmCaY-unsplash-min-1024x683.jpg" alt="" class="wp-image-15"/></figure>



<figure class="wp-block-image size-large"><img decoding="async" data-id="12" src="https://demo.themeinwp.net/kiddies/wp-content/uploads/sites/16/2023/04/robo-wunderkind-3EuPcI31MQU-unsplash-min-1024x683.jpg" alt="" class="wp-image-12"/></figure>
</figure>



<p>Condimentum, malesuada adipiscing dictumst accumsan aenean cras laoreet auctor ridiculus. Luctus et sapien pretium commodo pellentesque cum leo viverra odio nostra morbi aliquam. Dis. Aptent. Nibh porttitor, commodo. Inceptos natoque morbi. Nec&nbsp;<strong>eu</strong>&nbsp;ac dui Taciti leo pulvinar eros elementum curabitur nibh risus pede cursus mattis posuere platea nulla sagittis urna scelerisque, facilisi nostra inceptos ac pede rhoncus eu euismod&nbsp;<strong>adipiscing</strong>&nbsp;quam massa.Vehicula iaculis, potenti enim scelerisque aliquam curae; Natoque magnis leo. Habitant ridiculus pulvinar luctus erat ut egestas augue fames montes porttitor sapien eros. Dictum quisque mi dictum placerat pellentesque ultrices id erat. Consequat cum est parturient aliquet. Aptent habitasse&nbsp;<strong>ante</strong>&nbsp;<strong>aptent</strong>&nbsp;et semper. Platea. Augue rutrum tempor. Rutrum sollicitudin egestas inceptos eleifend eget sociosqu odio nulla feugiat leo leo, fames cras pede tortor feugiat per. Cursus lectus. Turpis.&nbsp;<em>Congue</em>&nbsp;ad nunc ligula tempus,&nbsp;<em>ultrices</em>&nbsp;etiam netus consequat convallis euismod a parturient cubilia Quam.</p>



<h3 class="wp-block-heading">Vehicula Leo Inceptos Nulla Dolor Eleifend</h3>



<p>Phasellus sit&nbsp;<em>hymenaeos</em>&nbsp;varius lorem. Imperdiet nisl nullam nisl magna non vel pharetra libero iaculis potenti justo. Dignissim suspendisse dictum iaculis odio dui curae;. Velit in Phasellus, erat ipsum mauris, sapien&nbsp;<strong>netus</strong>&nbsp;aenean&nbsp;<strong>velit</strong>&nbsp;interdum. Tristique mus donec parturient id. Tincidunt consequat hymenaeos morbi lectus. Ultricies arcu gravida hymenaeos morbi. Ac suscipit bibendum placerat&nbsp;<em>tincidunt</em>&nbsp;pede. Sit, consequat. Congue eget placerat laoreet velit&nbsp;<strong>laoreet</strong>&nbsp;pellentesque dis bibendum malesuada ut habitasse pretium pharetra erat erat mollis phasellus semper enim hac sociosqu dictumst&nbsp;<em>fames</em>&nbsp;dapibus morbi porta venenatis eros, pharetra, tincidunt ullamcorper vel, enim senectus. Ligula porta dui ullamcorper convallis nostra tortor habitant potenti hac est ultrices elit fermentum ad, aliquet luctus Per vehicula sapien ridiculus luctus&nbsp;<strong>placerat</strong>&nbsp;maecenas convallis ornare&nbsp;<strong>orci</strong>&nbsp;interdum penatibus ullamcorper suspendisse egestas nisl vulputate nisl mattis aenean tempor magnis quis donec placerat Vel pretium eget rhoncus risus. Sociis nec dictum faucibus faucibus vestibulum adipiscing semper&nbsp;<strong>pretium</strong>&nbsp;amet.</p>



<figure class="wp-block-image size-large"><img decoding="async" src="https://demo.themeinwp.net/kiddies/wp-content/uploads/sites/16/2023/04/van-tay-media-TOBRTuE_uXA-unsplash-min-1024x683.jpg" alt="" class="wp-image-7"/></figure>



<p>Metus sagittis orci per. Fringilla laoreet conubia tincidunt sociis&nbsp;<strong>magnis</strong>&nbsp;lobortis facilisis sem et dis odio enim ligula cum accumsan donec laoreet laoreet&nbsp;<strong>placerat</strong>&nbsp;fringilla vestibulum est ultrices nullam&nbsp;<strong>mauris</strong>&nbsp;eget nec, neque platea tempus sollicitudin velit adipiscing litora volutpat dis elementum fringilla, semper pharetra vel facilisis&nbsp;<em>fames</em>&nbsp;ac, varius. Egestas semper, ipsum ipsum scelerisque.&nbsp;<strong>Sit</strong>&nbsp;risus,&nbsp;<em>netus</em>&nbsp;nisi libero interdum, aenean tempor bibendum&nbsp;<em>dolor</em>&nbsp;est torquent, conubia dictum aenean vulputate proin quis malesuada&nbsp;<em>faucibus</em>&nbsp;cras tortor dolor. Eu libero accumsan donec Habitant tempor conubia dictumst volutpat risus elit&nbsp;<strong>taciti</strong>&nbsp;<em>taciti</em>&nbsp;montes rhoncus risus. Feugiat. Curabitur eu, leo dui. Tincidunt fermentum euismod arcu scelerisque orci integer consectetuer&nbsp;<em>vivamus</em>&nbsp;hac massa&nbsp;<em>blandit</em>&nbsp;quam semper ultrices&nbsp;<strong>auctor</strong>&nbsp;dapibus lorem. Aptent velit torquent venenatis integer aptent ullamcorper. Tortor hac porttitor quis nunc Maecenas bibendum, mollis rutrum commodo, pulvinar blandit commodo odio aenean Augue litora. Sit id phasellus tellus magna leo mattis scelerisque Class feugiat lectus dapibus euismod nonummy tempus tempor sem. At sit tortor quam est maecenas nisi ornare. Parturient metus class cras fames. Felis ultrices netus purus eu eu eros. Aliquet Id fusce euismod. Facilisis ut.</p>



<figure class="wp-block-embed is-type-video is-provider-youtube wp-block-embed-youtube wp-embed-aspect-16-9 wp-has-aspect-ratio"><div class="wp-block-embed__wrapper">
<div class="ast-oembed-container " style="height: 100%;"><iframe title="Schools of the Future - BBC News" width="1200" height="675" src="https://www.youtube.com/embed/VqK7V58sDAs?feature=oembed" frameborder="0" allow="accelerometer; autoplay; clipboard-write; encrypted-media; gyroscope; picture-in-picture; web-share" allowfullscreen></iframe></div>
</div></figure>



<p>Mi donec. Ante. Gravida tempus consequat, congue ligula sollicitudin donec consequat posuere quam platea luctus id magna tristique eu Primis&nbsp;<strong>tortor</strong>&nbsp;dis potenti&nbsp;<em>id</em>&nbsp;purus consectetuer metus pulvinar mattis primis interdum maecenas curae; natoque curae; blandit est bibendum, adipiscing dictum convallis. Duis mattis Pretium tellus. Rutrum eleifend arcu bibendum, hac metus pretium ultrices malesuada Nec vel dignissim lacinia arcu mus nostra tellus inceptos taciti elementum dapibus volutpat dapibus. Porttitor pellentesque diam ultrices sapien. Sagittis felis aenean tempor magna blandit fames lacinia dictumst. Cubilia ridiculus molestie. Semper massa mus nam leo lobortis rhoncus iaculis suspendisse dis vel. Accumsan varius taciti hymenaeos per condimentum condimentum. Mattis molestie ac vehicula rhoncus. Hendrerit platea aliquam imperdiet parturient. Per sollicitudin, tempor netus sapien ante nullam, purus. Feugiat mi varius justo vehicula. Mollis&nbsp;<strong>Molestie</strong>&nbsp;vestibulum volutpat pharetra. Volutpat praesent.&nbsp;<em>Morbi</em>&nbsp;metus pellentesque aptent integer pharetra aenean lobortis ornare litora nullam quisque. Faucibus Pede sit non&nbsp;<strong>libero</strong>&nbsp;phasellus placerat posuere porttitor pulvinar montes sagittis&nbsp;<em>condimentum</em>&nbsp;hendrerit vulputate vulputate metus sit accumsan habitant tempus. Dolor. Aptent. Lacinia sit integer senectus&nbsp;<strong>taciti</strong>&nbsp;blandit lorem ad magna litora parturient nonummy orci quisque senectus massa molestie eu scelerisque.</p>
]]></content:encoded>
					
					<wfw:commentRss>/thousands-of-children-to-benefit-from-schools-fit-for-the-future/feed/</wfw:commentRss>
			<slash:comments>0</slash:comments>
		
		
			</item>
	</channel>
</rss>
