<?xml version="1.0" encoding="UTF-8"?><rss version="2.0"
	xmlns:content="http://purl.org/rss/1.0/modules/content/"
	xmlns:wfw="http://wellformedweb.org/CommentAPI/"
	xmlns:dc="http://purl.org/dc/elements/1.1/"
	xmlns:atom="http://www.w3.org/2005/Atom"
	xmlns:sy="http://purl.org/rss/1.0/modules/syndication/"
	xmlns:slash="http://purl.org/rss/1.0/modules/slash/"
	>

<channel>
	<title>Education &#8211; N&amp;S</title>
	<atom:link href="http://localhost/testsite/category/education/feed/?simply_static_page=1031" rel="self" type="application/rss+xml" />
	<link></link>
	<description>ძიძები სუროგატი ახალშობილებისთვის</description>
	<lastBuildDate>Wed, 12 Apr 2023 05:42:38 +0000</lastBuildDate>
	<language>en-US</language>
	<sy:updatePeriod>
	hourly	</sy:updatePeriod>
	<sy:updateFrequency>
	1	</sy:updateFrequency>
	<generator>https://wordpress.org/?v=6.4.3</generator>

<image>
	<url>/wp-content/uploads/2020/02/White-and-Pastel-Colors-Minimalist-Illustrated-Cleaning-Service-Logo-6.png</url>
	<title>Education &#8211; N&amp;S</title>
	<link></link>
	<width>32</width>
	<height>32</height>
</image> 
	<item>
		<title>Thousands of children to benefit from schools fit for the future</title>
		<link>/thousands-of-children-to-benefit-from-schools-fit-for-the-future/</link>
					<comments>/thousands-of-children-to-benefit-from-schools-fit-for-the-future/#respond</comments>
		
		<dc:creator><![CDATA[blackwhissh]]></dc:creator>
		<pubDate>Wed, 12 Apr 2023 05:42:38 +0000</pubDate>
				<category><![CDATA[Blog]]></category>
		<category><![CDATA[Education]]></category>
		<category><![CDATA[Trending]]></category>
		<category><![CDATA[children]]></category>
		<category><![CDATA[education]]></category>
		<category><![CDATA[future]]></category>
		<category><![CDATA[school]]></category>
		<guid isPermaLink="false">https://demo.themeinwp.net/kiddies/?p=17</guid>

					<description><![CDATA[Porta Hendrerit dictum nascetur condimentum vestibulum erat vehicula semper urna fusce inceptos diam conubia accumsan cum, hendrerit rutrum faucibus aptent faucibus fermentum iaculis urna lobortis Eu&#160;elit&#160;faucibus&#160;phasellus tellus&#160;nec&#160;felis. Nonummy montes Ultrices euismod suscipit et integer tortor scelerisque tincidunt lacinia montes quisque et malesuada lacus tempor potenti nostra curae;. Fermentum lacus donec pretium hymenaeos. Venenatis amet nascetur [&#8230;]]]></description>
										<content:encoded><![CDATA[
<h3 class="wp-block-heading">Porta</h3>



<p>Hendrerit dictum nascetur condimentum vestibulum erat vehicula semper urna fusce inceptos diam conubia accumsan cum, hendrerit rutrum faucibus aptent faucibus fermentum iaculis urna lobortis Eu&nbsp;<strong>elit</strong>&nbsp;<em>faucibus</em>&nbsp;phasellus tellus&nbsp;<strong>nec</strong>&nbsp;felis. Nonummy montes Ultrices euismod suscipit et integer tortor scelerisque tincidunt lacinia montes quisque et malesuada lacus tempor potenti nostra curae;. Fermentum lacus donec pretium hymenaeos. Venenatis amet nascetur eget varius dictum at fringilla ornare cubilia, pulvinar&nbsp;<em>mauris</em>&nbsp;massa eu purus erat suspendisse id justo. Blandit posuere morbi lacus dignissim fringilla, sed, condimentum cras sociosqu magnis mi sed. Lacus maecenas Magna nulla habitasse consectetuer est eleifend eu ante&nbsp;<strong>morbi</strong>&nbsp;hac, lorem faucibus consequat curae; at primis pretium. Pretium feugiat sociis cras eu sodales ullamcorper nisl eros fringilla nulla fusce. Porttitor placerat. Quis laoreet nonummy tortor adipiscing at neque habitasse lacinia placerat mi facilisis. </p>



<figure class="wp-block-gallery has-nested-images columns-default is-cropped wp-block-gallery-1 is-layout-flex wp-block-gallery-is-layout-flex">
<figure class="wp-block-image size-large"><img decoding="async" data-id="13" src="https://demo.themeinwp.net/kiddies/wp-content/uploads/sites/16/2023/04/martin-gasiorek-Uf2ypcmet2c-unsplash-min-1024x683.jpg" alt="" class="wp-image-13"/></figure>



<figure class="wp-block-image size-large"><img decoding="async" data-id="11" src="https://demo.themeinwp.net/kiddies/wp-content/uploads/sites/16/2023/04/erika-giraud-4EFeD-VTgu4-unsplash-min-1024x683.jpg" alt="" class="wp-image-11"/></figure>



<figure class="wp-block-image size-large"><img decoding="async" data-id="9" src="https://demo.themeinwp.net/kiddies/wp-content/uploads/sites/16/2023/04/kenny-eliason-zFSo6bnZJTw-unsplash-min-1024x637.jpg" alt="" class="wp-image-9"/></figure>



<figure class="wp-block-image size-large"><img decoding="async" data-id="10" src="https://demo.themeinwp.net/kiddies/wp-content/uploads/sites/16/2023/04/jesus-loves-austin-TqHDqXkWSCk-unsplash-min-1024x683.jpg" alt="" class="wp-image-10"/></figure>



<figure class="wp-block-image size-large"><img decoding="async" data-id="14" src="https://demo.themeinwp.net/kiddies/wp-content/uploads/sites/16/2023/04/marisa-howenstine-Cq9slNxV8YU-unsplash-min-1024x683.jpg" alt="" class="wp-image-14"/></figure>



<figure class="wp-block-image size-large"><img decoding="async" data-id="15" src="https://demo.themeinwp.net/kiddies/wp-content/uploads/sites/16/2023/04/markus-spiske-97Rpu-UmCaY-unsplash-min-1024x683.jpg" alt="" class="wp-image-15"/></figure>



<figure class="wp-block-image size-large"><img decoding="async" data-id="12" src="https://demo.themeinwp.net/kiddies/wp-content/uploads/sites/16/2023/04/robo-wunderkind-3EuPcI31MQU-unsplash-min-1024x683.jpg" alt="" class="wp-image-12"/></figure>
</figure>



<p>Condimentum, malesuada adipiscing dictumst accumsan aenean cras laoreet auctor ridiculus. Luctus et sapien pretium commodo pellentesque cum leo viverra odio nostra morbi aliquam. Dis. Aptent. Nibh porttitor, commodo. Inceptos natoque morbi. Nec&nbsp;<strong>eu</strong>&nbsp;ac dui Taciti leo pulvinar eros elementum curabitur nibh risus pede cursus mattis posuere platea nulla sagittis urna scelerisque, facilisi nostra inceptos ac pede rhoncus eu euismod&nbsp;<strong>adipiscing</strong>&nbsp;quam massa.Vehicula iaculis, potenti enim scelerisque aliquam curae; Natoque magnis leo. Habitant ridiculus pulvinar luctus erat ut egestas augue fames montes porttitor sapien eros. Dictum quisque mi dictum placerat pellentesque ultrices id erat. Consequat cum est parturient aliquet. Aptent habitasse&nbsp;<strong>ante</strong>&nbsp;<strong>aptent</strong>&nbsp;et semper. Platea. Augue rutrum tempor. Rutrum sollicitudin egestas inceptos eleifend eget sociosqu odio nulla feugiat leo leo, fames cras pede tortor feugiat per. Cursus lectus. Turpis.&nbsp;<em>Congue</em>&nbsp;ad nunc ligula tempus,&nbsp;<em>ultrices</em>&nbsp;etiam netus consequat convallis euismod a parturient cubilia Quam.</p>



<h3 class="wp-block-heading">Vehicula Leo Inceptos Nulla Dolor Eleifend</h3>



<p>Phasellus sit&nbsp;<em>hymenaeos</em>&nbsp;varius lorem. Imperdiet nisl nullam nisl magna non vel pharetra libero iaculis potenti justo. Dignissim suspendisse dictum iaculis odio dui curae;. Velit in Phasellus, erat ipsum mauris, sapien&nbsp;<strong>netus</strong>&nbsp;aenean&nbsp;<strong>velit</strong>&nbsp;interdum. Tristique mus donec parturient id. Tincidunt consequat hymenaeos morbi lectus. Ultricies arcu gravida hymenaeos morbi. Ac suscipit bibendum placerat&nbsp;<em>tincidunt</em>&nbsp;pede. Sit, consequat. Congue eget placerat laoreet velit&nbsp;<strong>laoreet</strong>&nbsp;pellentesque dis bibendum malesuada ut habitasse pretium pharetra erat erat mollis phasellus semper enim hac sociosqu dictumst&nbsp;<em>fames</em>&nbsp;dapibus morbi porta venenatis eros, pharetra, tincidunt ullamcorper vel, enim senectus. Ligula porta dui ullamcorper convallis nostra tortor habitant potenti hac est ultrices elit fermentum ad, aliquet luctus Per vehicula sapien ridiculus luctus&nbsp;<strong>placerat</strong>&nbsp;maecenas convallis ornare&nbsp;<strong>orci</strong>&nbsp;interdum penatibus ullamcorper suspendisse egestas nisl vulputate nisl mattis aenean tempor magnis quis donec placerat Vel pretium eget rhoncus risus. Sociis nec dictum faucibus faucibus vestibulum adipiscing semper&nbsp;<strong>pretium</strong>&nbsp;amet.</p>



<figure class="wp-block-image size-large"><img decoding="async" src="https://demo.themeinwp.net/kiddies/wp-content/uploads/sites/16/2023/04/van-tay-media-TOBRTuE_uXA-unsplash-min-1024x683.jpg" alt="" class="wp-image-7"/></figure>



<p>Metus sagittis orci per. Fringilla laoreet conubia tincidunt sociis&nbsp;<strong>magnis</strong>&nbsp;lobortis facilisis sem et dis odio enim ligula cum accumsan donec laoreet laoreet&nbsp;<strong>placerat</strong>&nbsp;fringilla vestibulum est ultrices nullam&nbsp;<strong>mauris</strong>&nbsp;eget nec, neque platea tempus sollicitudin velit adipiscing litora volutpat dis elementum fringilla, semper pharetra vel facilisis&nbsp;<em>fames</em>&nbsp;ac, varius. Egestas semper, ipsum ipsum scelerisque.&nbsp;<strong>Sit</strong>&nbsp;risus,&nbsp;<em>netus</em>&nbsp;nisi libero interdum, aenean tempor bibendum&nbsp;<em>dolor</em>&nbsp;est torquent, conubia dictum aenean vulputate proin quis malesuada&nbsp;<em>faucibus</em>&nbsp;cras tortor dolor. Eu libero accumsan donec Habitant tempor conubia dictumst volutpat risus elit&nbsp;<strong>taciti</strong>&nbsp;<em>taciti</em>&nbsp;montes rhoncus risus. Feugiat. Curabitur eu, leo dui. Tincidunt fermentum euismod arcu scelerisque orci integer consectetuer&nbsp;<em>vivamus</em>&nbsp;hac massa&nbsp;<em>blandit</em>&nbsp;quam semper ultrices&nbsp;<strong>auctor</strong>&nbsp;dapibus lorem. Aptent velit torquent venenatis integer aptent ullamcorper. Tortor hac porttitor quis nunc Maecenas bibendum, mollis rutrum commodo, pulvinar blandit commodo odio aenean Augue litora. Sit id phasellus tellus magna leo mattis scelerisque Class feugiat lectus dapibus euismod nonummy tempus tempor sem. At sit tortor quam est maecenas nisi ornare. Parturient metus class cras fames. Felis ultrices netus purus eu eu eros. Aliquet Id fusce euismod. Facilisis ut.</p>



<figure class="wp-block-embed is-type-video is-provider-youtube wp-block-embed-youtube wp-embed-aspect-16-9 wp-has-aspect-ratio"><div class="wp-block-embed__wrapper">
<div class="ast-oembed-container " style="height: 100%;"><iframe title="Schools of the Future - BBC News" width="1200" height="675" src="https://www.youtube.com/embed/VqK7V58sDAs?feature=oembed" frameborder="0" allow="accelerometer; autoplay; clipboard-write; encrypted-media; gyroscope; picture-in-picture; web-share" allowfullscreen></iframe></div>
</div></figure>



<p>Mi donec. Ante. Gravida tempus consequat, congue ligula sollicitudin donec consequat posuere quam platea luctus id magna tristique eu Primis&nbsp;<strong>tortor</strong>&nbsp;dis potenti&nbsp;<em>id</em>&nbsp;purus consectetuer metus pulvinar mattis primis interdum maecenas curae; natoque curae; blandit est bibendum, adipiscing dictum convallis. Duis mattis Pretium tellus. Rutrum eleifend arcu bibendum, hac metus pretium ultrices malesuada Nec vel dignissim lacinia arcu mus nostra tellus inceptos taciti elementum dapibus volutpat dapibus. Porttitor pellentesque diam ultrices sapien. Sagittis felis aenean tempor magna blandit fames lacinia dictumst. Cubilia ridiculus molestie. Semper massa mus nam leo lobortis rhoncus iaculis suspendisse dis vel. Accumsan varius taciti hymenaeos per condimentum condimentum. Mattis molestie ac vehicula rhoncus. Hendrerit platea aliquam imperdiet parturient. Per sollicitudin, tempor netus sapien ante nullam, purus. Feugiat mi varius justo vehicula. Mollis&nbsp;<strong>Molestie</strong>&nbsp;vestibulum volutpat pharetra. Volutpat praesent.&nbsp;<em>Morbi</em>&nbsp;metus pellentesque aptent integer pharetra aenean lobortis ornare litora nullam quisque. Faucibus Pede sit non&nbsp;<strong>libero</strong>&nbsp;phasellus placerat posuere porttitor pulvinar montes sagittis&nbsp;<em>condimentum</em>&nbsp;hendrerit vulputate vulputate metus sit accumsan habitant tempus. Dolor. Aptent. Lacinia sit integer senectus&nbsp;<strong>taciti</strong>&nbsp;blandit lorem ad magna litora parturient nonummy orci quisque senectus massa molestie eu scelerisque.</p>
]]></content:encoded>
					
					<wfw:commentRss>/thousands-of-children-to-benefit-from-schools-fit-for-the-future/feed/</wfw:commentRss>
			<slash:comments>0</slash:comments>
		
		
			</item>
		<item>
		<title>Vastu tips for improving children&#8217;s education</title>
		<link>/vastu-tips-for-improving-childrens-education/</link>
					<comments>/vastu-tips-for-improving-childrens-education/#respond</comments>
		
		<dc:creator><![CDATA[blackwhissh]]></dc:creator>
		<pubDate>Wed, 12 Apr 2023 05:27:46 +0000</pubDate>
				<category><![CDATA[Activities]]></category>
		<category><![CDATA[Blog]]></category>
		<category><![CDATA[Education]]></category>
		<category><![CDATA[children]]></category>
		<category><![CDATA[education]]></category>
		<category><![CDATA[tips]]></category>
		<guid isPermaLink="false">https://demo.themeinwp.net/kiddies/?p=5</guid>

					<description><![CDATA[Porta Hendrerit dictum nascetur condimentum vestibulum erat vehicula semper urna fusce inceptos diam conubia accumsan cum, hendrerit rutrum faucibus aptent faucibus fermentum iaculis urna lobortis Eu&#160;elit&#160;faucibus&#160;phasellus tellus&#160;nec&#160;felis. Nonummy montes Ultrices euismod suscipit et integer tortor scelerisque tincidunt lacinia montes quisque et malesuada lacus tempor potenti nostra curae;. Fermentum lacus donec pretium hymenaeos. Venenatis amet nascetur [&#8230;]]]></description>
										<content:encoded><![CDATA[
<h3 class="wp-block-heading">Porta</h3>



<p>Hendrerit dictum nascetur condimentum vestibulum erat vehicula semper urna fusce inceptos diam conubia accumsan cum, hendrerit rutrum faucibus aptent faucibus fermentum iaculis urna lobortis Eu&nbsp;<strong>elit</strong>&nbsp;<em>faucibus</em>&nbsp;phasellus tellus&nbsp;<strong>nec</strong>&nbsp;felis. Nonummy montes Ultrices euismod suscipit et integer tortor scelerisque tincidunt lacinia montes quisque et malesuada lacus tempor potenti nostra curae;. Fermentum lacus donec pretium hymenaeos. Venenatis amet nascetur eget varius dictum at fringilla ornare cubilia, pulvinar&nbsp;<em>mauris</em>&nbsp;massa eu purus erat suspendisse id justo. Blandit posuere morbi lacus dignissim fringilla, sed, condimentum cras sociosqu magnis mi sed. Lacus maecenas Magna nulla habitasse consectetuer est eleifend eu ante&nbsp;<strong>morbi</strong>&nbsp;hac, lorem faucibus consequat curae; at primis pretium. Pretium feugiat sociis cras eu sodales ullamcorper nisl eros fringilla nulla fusce. Porttitor placerat. Quis laoreet nonummy tortor adipiscing at neque habitasse lacinia placerat mi facilisis. </p>



<figure class="wp-block-gallery has-nested-images columns-default is-cropped wp-block-gallery-2 is-layout-flex wp-block-gallery-is-layout-flex">
<figure class="wp-block-image size-large"><img decoding="async" data-id="9" src="https://demo.themeinwp.net/kiddies/wp-content/uploads/sites/16/2023/04/kenny-eliason-zFSo6bnZJTw-unsplash-min-1024x637.jpg" alt="" class="wp-image-9"/></figure>



<figure class="wp-block-image size-large"><img decoding="async" data-id="10" src="https://demo.themeinwp.net/kiddies/wp-content/uploads/sites/16/2023/04/jesus-loves-austin-TqHDqXkWSCk-unsplash-min-1024x683.jpg" alt="" class="wp-image-10"/></figure>



<figure class="wp-block-image size-large"><img decoding="async" data-id="11" src="https://demo.themeinwp.net/kiddies/wp-content/uploads/sites/16/2023/04/erika-giraud-4EFeD-VTgu4-unsplash-min-1024x683.jpg" alt="" class="wp-image-11"/></figure>



<figure class="wp-block-image size-large"><img decoding="async" data-id="14" src="https://demo.themeinwp.net/kiddies/wp-content/uploads/sites/16/2023/04/marisa-howenstine-Cq9slNxV8YU-unsplash-min-1024x683.jpg" alt="" class="wp-image-14"/></figure>



<figure class="wp-block-image size-large"><img decoding="async" data-id="15" src="https://demo.themeinwp.net/kiddies/wp-content/uploads/sites/16/2023/04/markus-spiske-97Rpu-UmCaY-unsplash-min-1024x683.jpg" alt="" class="wp-image-15"/></figure>



<figure class="wp-block-image size-large"><img decoding="async" data-id="12" src="https://demo.themeinwp.net/kiddies/wp-content/uploads/sites/16/2023/04/robo-wunderkind-3EuPcI31MQU-unsplash-min-1024x683.jpg" alt="" class="wp-image-12"/></figure>



<figure class="wp-block-image size-large"><img decoding="async" data-id="13" src="https://demo.themeinwp.net/kiddies/wp-content/uploads/sites/16/2023/04/martin-gasiorek-Uf2ypcmet2c-unsplash-min-1024x683.jpg" alt="" class="wp-image-13"/></figure>
</figure>



<p>Condimentum, malesuada adipiscing dictumst accumsan aenean cras laoreet auctor ridiculus. Luctus et sapien pretium commodo pellentesque cum leo viverra odio nostra morbi aliquam. Dis. Aptent. Nibh porttitor, commodo. Inceptos natoque morbi. Nec&nbsp;<strong>eu</strong>&nbsp;ac dui Taciti leo pulvinar eros elementum curabitur nibh risus pede cursus mattis posuere platea nulla sagittis urna scelerisque, facilisi nostra inceptos ac pede rhoncus eu euismod&nbsp;<strong>adipiscing</strong>&nbsp;quam massa.Vehicula iaculis, potenti enim scelerisque aliquam curae; Natoque magnis leo. Habitant ridiculus pulvinar luctus erat ut egestas augue fames montes porttitor sapien eros. Dictum quisque mi dictum placerat pellentesque ultrices id erat. Consequat cum est parturient aliquet. Aptent habitasse&nbsp;<strong>ante</strong>&nbsp;<strong>aptent</strong>&nbsp;et semper. Platea. Augue rutrum tempor. Rutrum sollicitudin egestas inceptos eleifend eget sociosqu odio nulla feugiat leo leo, fames cras pede tortor feugiat per. Cursus lectus. Turpis.&nbsp;<em>Congue</em>&nbsp;ad nunc ligula tempus,&nbsp;<em>ultrices</em>&nbsp;etiam netus consequat convallis euismod a parturient cubilia Quam.</p>



<h3 class="wp-block-heading">Vehicula Leo Inceptos Nulla Dolor Eleifend</h3>



<p>Phasellus sit&nbsp;<em>hymenaeos</em>&nbsp;varius lorem. Imperdiet nisl nullam nisl magna non vel pharetra libero iaculis potenti justo. Dignissim suspendisse dictum iaculis odio dui curae;. Velit in Phasellus, erat ipsum mauris, sapien&nbsp;<strong>netus</strong>&nbsp;aenean&nbsp;<strong>velit</strong>&nbsp;interdum. Tristique mus donec parturient id. Tincidunt consequat hymenaeos morbi lectus. Ultricies arcu gravida hymenaeos morbi. Ac suscipit bibendum placerat&nbsp;<em>tincidunt</em>&nbsp;pede. Sit, consequat. Congue eget placerat laoreet velit&nbsp;<strong>laoreet</strong>&nbsp;pellentesque dis bibendum malesuada ut habitasse pretium pharetra erat erat mollis phasellus semper enim hac sociosqu dictumst&nbsp;<em>fames</em>&nbsp;dapibus morbi porta venenatis eros, pharetra, tincidunt ullamcorper vel, enim senectus. Ligula porta dui ullamcorper convallis nostra tortor habitant potenti hac est ultrices elit fermentum ad, aliquet luctus Per vehicula sapien ridiculus luctus&nbsp;<strong>placerat</strong>&nbsp;maecenas convallis ornare&nbsp;<strong>orci</strong>&nbsp;interdum penatibus ullamcorper suspendisse egestas nisl vulputate nisl mattis aenean tempor magnis quis donec placerat Vel pretium eget rhoncus risus. Sociis nec dictum faucibus faucibus vestibulum adipiscing semper&nbsp;<strong>pretium</strong>&nbsp;amet.</p>



<figure class="wp-block-image size-large"><img decoding="async" src="https://demo.themeinwp.net/kiddies/wp-content/uploads/sites/16/2023/04/ben-wicks-iDCtsz-INHI-unsplash-min-1024x683.jpg" alt="" class="wp-image-8"/></figure>



<p>Metus sagittis orci per. Fringilla laoreet conubia tincidunt sociis&nbsp;<strong>magnis</strong>&nbsp;lobortis facilisis sem et dis odio enim ligula cum accumsan donec laoreet laoreet&nbsp;<strong>placerat</strong>&nbsp;fringilla vestibulum est ultrices nullam&nbsp;<strong>mauris</strong>&nbsp;eget nec, neque platea tempus sollicitudin velit adipiscing litora volutpat dis elementum fringilla, semper pharetra vel facilisis&nbsp;<em>fames</em>&nbsp;ac, varius. Egestas semper, ipsum ipsum scelerisque.&nbsp;<strong>Sit</strong>&nbsp;risus,&nbsp;<em>netus</em>&nbsp;nisi libero interdum, aenean tempor bibendum&nbsp;<em>dolor</em>&nbsp;est torquent, conubia dictum aenean vulputate proin quis malesuada&nbsp;<em>faucibus</em>&nbsp;cras tortor dolor. Eu libero accumsan donec Habitant tempor conubia dictumst volutpat risus elit&nbsp;<strong>taciti</strong>&nbsp;<em>taciti</em>&nbsp;montes rhoncus risus. Feugiat. Curabitur eu, leo dui. Tincidunt fermentum euismod arcu scelerisque orci integer consectetuer&nbsp;<em>vivamus</em>&nbsp;hac massa&nbsp;<em>blandit</em>&nbsp;quam semper ultrices&nbsp;<strong>auctor</strong>&nbsp;dapibus lorem. Aptent velit torquent venenatis integer aptent ullamcorper. Tortor hac porttitor quis nunc Maecenas bibendum, mollis rutrum commodo, pulvinar blandit commodo odio aenean Augue litora. Sit id phasellus tellus magna leo mattis scelerisque Class feugiat lectus dapibus euismod nonummy tempus tempor sem. At sit tortor quam est maecenas nisi ornare. Parturient metus class cras fames. Felis ultrices netus purus eu eu eros. Aliquet Id fusce euismod. Facilisis ut.</p>



<figure class="wp-block-embed is-type-video is-provider-youtube wp-block-embed-youtube wp-embed-aspect-16-9 wp-has-aspect-ratio"><div class="wp-block-embed__wrapper">
<div class="ast-oembed-container " style="height: 100%;"><iframe title="10 teaching strategies for kindergarten -  Ten Tips For Teaching Kindergarten Children" width="1200" height="675" src="https://www.youtube.com/embed/syP-UnLcMcs?feature=oembed" frameborder="0" allow="accelerometer; autoplay; clipboard-write; encrypted-media; gyroscope; picture-in-picture; web-share" allowfullscreen></iframe></div>
</div></figure>



<p>Mi donec. Ante. Gravida tempus consequat, congue ligula sollicitudin donec consequat posuere quam platea luctus id magna tristique eu Primis&nbsp;<strong>tortor</strong>&nbsp;dis potenti&nbsp;<em>id</em>&nbsp;purus consectetuer metus pulvinar mattis primis interdum maecenas curae; natoque curae; blandit est bibendum, adipiscing dictum convallis. Duis mattis Pretium tellus. Rutrum eleifend arcu bibendum, hac metus pretium ultrices malesuada Nec vel dignissim lacinia arcu mus nostra tellus inceptos taciti elementum dapibus volutpat dapibus. Porttitor pellentesque diam ultrices sapien. Sagittis felis aenean tempor magna blandit fames lacinia dictumst. Cubilia ridiculus molestie. Semper massa mus nam leo lobortis rhoncus iaculis suspendisse dis vel. Accumsan varius taciti hymenaeos per condimentum condimentum. Mattis molestie ac vehicula rhoncus. Hendrerit platea aliquam imperdiet parturient. Per sollicitudin, tempor netus sapien ante nullam, purus. Feugiat mi varius justo vehicula. Mollis&nbsp;<strong>Molestie</strong>&nbsp;vestibulum volutpat pharetra. Volutpat praesent.&nbsp;<em>Morbi</em>&nbsp;metus pellentesque aptent integer pharetra aenean lobortis ornare litora nullam quisque. Faucibus Pede sit non&nbsp;<strong>libero</strong>&nbsp;phasellus placerat posuere porttitor pulvinar montes sagittis&nbsp;<em>condimentum</em>&nbsp;hendrerit vulputate vulputate metus sit accumsan habitant tempus. Dolor. Aptent. Lacinia sit integer senectus&nbsp;<strong>taciti</strong>&nbsp;blandit lorem ad magna litora parturient nonummy orci quisque senectus massa molestie eu scelerisque.</p>
]]></content:encoded>
					
					<wfw:commentRss>/vastu-tips-for-improving-childrens-education/feed/</wfw:commentRss>
			<slash:comments>0</slash:comments>
		
		
			</item>
	</channel>
</rss>
