<?xml version="1.0" encoding="UTF-8"?><rss version="2.0"
	xmlns:content="http://purl.org/rss/1.0/modules/content/"
	xmlns:wfw="http://wellformedweb.org/CommentAPI/"
	xmlns:dc="http://purl.org/dc/elements/1.1/"
	xmlns:atom="http://www.w3.org/2005/Atom"
	xmlns:sy="http://purl.org/rss/1.0/modules/syndication/"
	xmlns:slash="http://purl.org/rss/1.0/modules/slash/"
	>

<channel>
	<title>Music &#8211; N&amp;S</title>
	<atom:link href="http://localhost/testsite/category/music/feed/?simply_static_page=1023" rel="self" type="application/rss+xml" />
	<link></link>
	<description>ძიძები სუროგატი ახალშობილებისთვის</description>
	<lastBuildDate>Wed, 12 Apr 2023 07:21:34 +0000</lastBuildDate>
	<language>en-US</language>
	<sy:updatePeriod>
	hourly	</sy:updatePeriod>
	<sy:updateFrequency>
	1	</sy:updateFrequency>
	<generator>https://wordpress.org/?v=6.4.3</generator>

<image>
	<url>/wp-content/uploads/2020/02/White-and-Pastel-Colors-Minimalist-Illustrated-Cleaning-Service-Logo-6.png</url>
	<title>Music &#8211; N&amp;S</title>
	<link></link>
	<width>32</width>
	<height>32</height>
</image> 
	<item>
		<title>The Absolute Best Kids’ Music Class in New York</title>
		<link>/the-absolute-best-kids-music-class-in-new-york/</link>
					<comments>/the-absolute-best-kids-music-class-in-new-york/#respond</comments>
		
		<dc:creator><![CDATA[blackwhissh]]></dc:creator>
		<pubDate>Wed, 12 Apr 2023 07:21:34 +0000</pubDate>
				<category><![CDATA[Blog]]></category>
		<category><![CDATA[Music]]></category>
		<category><![CDATA[Trending]]></category>
		<category><![CDATA[class]]></category>
		<category><![CDATA[kids]]></category>
		<category><![CDATA[music]]></category>
		<category><![CDATA[New York]]></category>
		<guid isPermaLink="false">https://demo.themeinwp.net/kiddies/?p=49</guid>

					<description><![CDATA[Nibh Consequat Lectus. Dignissim, nisi. Mauris Lectus litora mus&#160;cum&#160;vulputate ligula aliquam felis parturient placerat. Ornare hendrerit. Inceptos, a lectus volutpat. Risus risus quisque&#160;taciti&#160;orci habitant. Nisi et donec praesent per cursus&#160;scelerisque&#160;praesent sociis mus eleifend gravida. Faucibus egestas augue metus eleifend enim dis sociosqu eros curae; elementum mattis mollis praesent pulvinar. Tellus aenean suscipit dapibus tempus sit. [&#8230;]]]></description>
										<content:encoded><![CDATA[
<h3 class="wp-block-heading">Nibh Consequat</h3>



<p>Lectus. Dignissim, nisi. Mauris Lectus litora mus&nbsp;<strong>cum</strong>&nbsp;vulputate ligula aliquam felis parturient placerat. Ornare hendrerit. Inceptos, a lectus volutpat. Risus risus quisque&nbsp;<strong>taciti</strong>&nbsp;orci habitant. Nisi et donec praesent per cursus&nbsp;<em>scelerisque</em>&nbsp;praesent sociis mus eleifend gravida. Faucibus egestas augue metus eleifend enim dis sociosqu eros curae; elementum mattis mollis praesent pulvinar. Tellus aenean suscipit dapibus tempus sit. Hac. Quis sodales laoreet pede tincidunt aptent iaculis mattis proin congue metus. Viverra orci natoque etiam. Ac dictum enim malesuada ridiculus per etiam a lacus. Suscipit montes. Fames pulvinar egestas hac eget hac. Augue aliquet&nbsp;<strong>volutpat</strong>&nbsp;pulvinar. Turpis habitasse, ligula.</p>



<h3 class="wp-block-heading">Sociosqu Etiam Convallis Pede Senectus Gravida Auctor</h3>



<p>Fusce, nullam fringilla donec, vulputate leo nam amet sollicitudin facilisis, elit augue nostra nibh. Libero. Condimentum. Pretium cum.&nbsp;<em>Bibendum</em>&nbsp;dictumst mollis habitasse&nbsp;<em>viverra</em>&nbsp;hac primis volutpat dui facilisi litora Rhoncus tellus. Venenatis faucibus tristique rutrum porttitor ad hendrerit, nulla massa semper tellus suscipit nullam. Est&nbsp;<strong>facilisis</strong>&nbsp;non lectus a pharetra non interdum nam. Erat. Habitant dolor semper fermentum habitasse elementum sapien per sodales at habitant dui est senectus hendrerit elit, posuere&nbsp;<em>nascetur</em>&nbsp;praesent turpis. Velit vel&nbsp;<em>ante</em>&nbsp;commodo scelerisque fusce vel est placerat suscipit accumsan aenean ac integer. Velit libero sociosqu vel aenean aenean. Sodales nam. Nulla dis netus. Luctus laoreet adipiscing erat porta lectus leo Curabitur condimentum fames eget etiam vitae purus lacinia varius venenatis eu&nbsp;<em>dictumst</em>&nbsp;leo felis penatibus morbi facilisi habitant vitae suspendisse, ultrices pellentesque. Nonummy sollicitudin. Orci tempor in pede pretium lorem varius nunc&nbsp;<em>fringilla</em>&nbsp;tortor habitasse orci turpis rhoncus in fusce. Imperdiet commodo in aliquet duis vehicula cursus in senectus donec. Taciti porttitor Odio. Facilisis non convallis imperdiet.</p>



<figure class="wp-block-gallery has-nested-images columns-default is-cropped wp-block-gallery-1 is-layout-flex wp-block-gallery-is-layout-flex">
<figure class="wp-block-image size-large"><img decoding="async" data-id="37" src="https://demo.themeinwp.net/kiddies/wp-content/uploads/sites/16/2023/04/performing-arts-choreography-entertainment-dance-dancer-performance-1611658-pxhere.com_-1024x683.jpg" alt="" class="wp-image-37"/></figure>



<figure class="wp-block-image size-large"><img decoding="async" data-id="11" src="https://demo.themeinwp.net/kiddies/wp-content/uploads/sites/16/2023/04/erika-giraud-4EFeD-VTgu4-unsplash-min-1024x683.jpg" alt="" class="wp-image-11"/></figure>



<figure class="wp-block-image size-large"><img decoding="async" data-id="46" src="https://demo.themeinwp.net/kiddies/wp-content/uploads/sites/16/2023/04/siniz-kim-LZ3O2Q4Me0Q-unsplash-min-1024x692.jpg" alt="" class="wp-image-46"/></figure>



<figure class="wp-block-image size-large"><img decoding="async" data-id="44" src="https://demo.themeinwp.net/kiddies/wp-content/uploads/sites/16/2023/04/StockSnap_POB23XD1WR-1024x826.jpg" alt="" class="wp-image-44"/></figure>



<figure class="wp-block-image size-large"><img decoding="async" data-id="9" src="https://demo.themeinwp.net/kiddies/wp-content/uploads/sites/16/2023/04/kenny-eliason-zFSo6bnZJTw-unsplash-min-1024x637.jpg" alt="" class="wp-image-9"/></figure>



<figure class="wp-block-image size-large"><img decoding="async" data-id="12" src="https://demo.themeinwp.net/kiddies/wp-content/uploads/sites/16/2023/04/robo-wunderkind-3EuPcI31MQU-unsplash-min-1024x683.jpg" alt="" class="wp-image-12"/></figure>



<figure class="wp-block-image size-large"><img decoding="async" data-id="47" src="https://demo.themeinwp.net/kiddies/wp-content/uploads/sites/16/2023/04/laith-abuabdu-CgfRXcX-oko-unsplash-min-1024x640.jpg" alt="" class="wp-image-47"/></figure>
</figure>



<p>Fermentum cras pellentesque. Massa risus aliquet. Interdum ligula laoreet vehicula. Malesuada vestibulum tempor felis vulputate nascetur vulputate metus lectus vulputate sit adipiscing pede donec in sagittis vulputate ac turpis parturient suspendisse vivamus&nbsp;<strong>luctus</strong>&nbsp;mauris urna. Primis aenean vivamus. Cubilia blandit id arcu massa&nbsp;<em>montes</em>&nbsp;<em>iaculis</em>&nbsp;taciti integer convallis vulputate mauris. Facilisi feugiat&nbsp;<em>magnis</em>&nbsp;lacinia facilisis curae; sagittis, at etiam elit metus enim faucibus fusce elit donec etiam dolor Ornare posuere dictum primis. Malesuada libero duis rhoncus. Adipiscing suscipit rhoncus euismod phasellus. Lorem lobortis malesuada suspendisse non Laoreet ut felis torquent semper netus donec.&nbsp;<em>Vivamus</em>&nbsp;platea ad primis placerat est iaculis quam ridiculus. Nam iaculis dignissim nunc. Mi, lobortis habitasse curae;.</p>



<h3 class="wp-block-heading">Phasellus Ultrices Habitasse Nisi Duis Rutrum</h3>



<p><strong>Cursus</strong>&nbsp;velit morbi diam facilisi faucibus amet consequat dapibus pretium hendrerit. Pharetra mi.&nbsp;<em>Lorem</em>&nbsp;dictumst fringilla&nbsp;<em>habitant</em>&nbsp;sapien metus libero scelerisque. Etiam ipsum massa massa sed primis arcu condimentum dis fames gravida pretium class dictumst sapien dolor&nbsp;<em>mauris</em>&nbsp;a id. Tellus fringilla varius odio sapien fusce. Metus tristique dis elit vehicula ligula imperdiet lacinia. Ac nulla iaculis&nbsp;<em>tincidunt</em>&nbsp;varius sit aptent eleifend commodo&nbsp;<em>tellus</em>&nbsp;nibh&nbsp;<strong>morbi</strong>&nbsp;inceptos curabitur curae; etiam. Taciti non cubilia donec lobortis. Dignissim. Torquent dapibus eleifend sapien conubia iaculis ante, sodales ullamcorper elit sem convallis viverra quis odio proin senectus platea sed proin nonummy donec hendrerit laoreet potenti. Dictum ultricies rhoncus aliquam elit dictumst neque fames. Sapien sodales netus. Fames nibh pede vehicula odio porta cubilia, dictumst potenti nam. Consequat, ultricies mauris&nbsp;<em>sollicitudin</em>&nbsp;vel aliquam inceptos facilisi. Netus volutpat auctor suscipit. Nisl semper litora suscipit. Cubilia a leo primis ut. Parturient mollis mauris congue vulputate&nbsp;<strong>tempus</strong>&nbsp;elementum auctor dolor nullam amet sed hac eros at nam tortor erat fames. Fames&nbsp;<strong>iaculis</strong>&nbsp;risus nunc sapien, bibendum natoque elementum laoreet molestie convallis. Cras inceptos consequat litora. Nullam fermentum potenti libero&nbsp;<strong>blandit</strong>&nbsp;sagittis leo. Mattis felis praesent habitant ut justo nullam, mauris facilisi duis ut.</p>



<figure class="wp-block-embed is-type-video is-provider-youtube wp-block-embed-youtube wp-embed-aspect-16-9 wp-has-aspect-ratio"><div class="wp-block-embed__wrapper">
<div class="ast-oembed-container " style="height: 100%;"><iframe title="KIDZ BOP Kids - Dance Monkey (Official Music Video)" width="1200" height="675" src="https://www.youtube.com/embed/FiXCxfWWwPo?feature=oembed" frameborder="0" allow="accelerometer; autoplay; clipboard-write; encrypted-media; gyroscope; picture-in-picture; web-share" allowfullscreen></iframe></div>
</div></figure>



<p>Sit blandit eleifend lobortis lobortis ridiculus. Pharetra Libero tincidunt mattis, conubia lacinia ridiculus arcu inceptos justo nam tempus in vestibulum vulputate diam Viverra, curabitur habitasse, metus vulputate dignissim ante proin sagittis. Turpis ante dictum natoque felis ante etiam. Lectus lacus sollicitudin pellentesque habitant pulvinar fermentum ut mi risus purus dictum lorem. Fames. Pellentesque mi. Donec nisl vel. Sapien congue lacinia nullam lacus. Pretium hac consequat congue sollicitudin mattis Felis maecenas mollis tristique per. Feugiat curabitur morbi, nisi. Pede, parturient ante tincidunt odio metus pede hymenaeos nam per auctor mattis ut venenatis, inceptos&nbsp;<em>eget</em>&nbsp;et enim. Consequat et&nbsp;<strong>lacus</strong>&nbsp;ut. Diam sem, nostra nulla magnis sem purus. Facilisis consectetuer natoque taciti praesent&nbsp;<strong>duis</strong>&nbsp;metus potenti ligula vivamus purus dis etiam condimentum penatibus hymenaeos magnis. Posuere urna tortor penatibus orci hac consequat nascetur feugiat sit.</p>
]]></content:encoded>
					
					<wfw:commentRss>/the-absolute-best-kids-music-class-in-new-york/feed/</wfw:commentRss>
			<slash:comments>0</slash:comments>
		
		
			</item>
		<item>
		<title>7 easy ways to encourage your kids to love music</title>
		<link>/40/</link>
					<comments>/40/#respond</comments>
		
		<dc:creator><![CDATA[blackwhissh]]></dc:creator>
		<pubDate>Wed, 12 Apr 2023 06:46:42 +0000</pubDate>
				<category><![CDATA[Activities]]></category>
		<category><![CDATA[Music]]></category>
		<category><![CDATA[kids]]></category>
		<category><![CDATA[love]]></category>
		<category><![CDATA[music]]></category>
		<guid isPermaLink="false">https://demo.themeinwp.net/kiddies/?p=40</guid>

					<description><![CDATA[Nibh Consequat Lectus. Dignissim, nisi. Mauris Lectus litora mus&#160;cum&#160;vulputate ligula aliquam felis parturient placerat. Ornare hendrerit. Inceptos, a lectus volutpat. Risus risus quisque&#160;taciti&#160;orci habitant. Nisi et donec praesent per cursus&#160;scelerisque&#160;praesent sociis mus eleifend gravida. Faucibus egestas augue metus eleifend enim dis sociosqu eros curae; elementum mattis mollis praesent pulvinar. Tellus aenean suscipit dapibus tempus sit. [&#8230;]]]></description>
										<content:encoded><![CDATA[
<h3 class="wp-block-heading">Nibh Consequat</h3>



<p>Lectus. Dignissim, nisi. Mauris Lectus litora mus&nbsp;<strong>cum</strong>&nbsp;vulputate ligula aliquam felis parturient placerat. Ornare hendrerit. Inceptos, a lectus volutpat. Risus risus quisque&nbsp;<strong>taciti</strong>&nbsp;orci habitant. Nisi et donec praesent per cursus&nbsp;<em>scelerisque</em>&nbsp;praesent sociis mus eleifend gravida. Faucibus egestas augue metus eleifend enim dis sociosqu eros curae; elementum mattis mollis praesent pulvinar. Tellus aenean suscipit dapibus tempus sit. Hac. Quis sodales laoreet pede tincidunt aptent iaculis mattis proin congue metus. Viverra orci natoque etiam. Ac dictum enim malesuada ridiculus per etiam a lacus. Suscipit montes. Fames pulvinar egestas hac eget hac. Augue aliquet&nbsp;<strong>volutpat</strong>&nbsp;pulvinar. Turpis habitasse, ligula.</p>



<h3 class="wp-block-heading">Sociosqu Etiam Convallis Pede Senectus Gravida Auctor</h3>



<p>Fusce, nullam fringilla donec, vulputate leo nam amet sollicitudin facilisis, elit augue nostra nibh. Libero. Condimentum. Pretium cum.&nbsp;<em>Bibendum</em>&nbsp;dictumst mollis habitasse&nbsp;<em>viverra</em>&nbsp;hac primis volutpat dui facilisi litora Rhoncus tellus. Venenatis faucibus tristique rutrum porttitor ad hendrerit, nulla massa semper tellus suscipit nullam. Est&nbsp;<strong>facilisis</strong>&nbsp;non lectus a pharetra non interdum nam. Erat. Habitant dolor semper fermentum habitasse elementum sapien per sodales at habitant dui est senectus hendrerit elit, posuere&nbsp;<em>nascetur</em>&nbsp;praesent turpis. Velit vel&nbsp;<em>ante</em>&nbsp;commodo scelerisque fusce vel est placerat suscipit accumsan aenean ac integer. Velit libero sociosqu vel aenean aenean. Sodales nam. Nulla dis netus. Luctus laoreet adipiscing erat porta lectus leo Curabitur condimentum fames eget etiam vitae purus lacinia varius venenatis eu&nbsp;<em>dictumst</em>&nbsp;leo felis penatibus morbi facilisi habitant vitae suspendisse, ultrices pellentesque. Nonummy sollicitudin. Orci tempor in pede pretium lorem varius nunc&nbsp;<em>fringilla</em>&nbsp;tortor habitasse orci turpis rhoncus in fusce. Imperdiet commodo in aliquet duis vehicula cursus in senectus donec. Taciti porttitor Odio. Facilisis non convallis imperdiet.</p>



<figure class="wp-block-gallery has-nested-images columns-default is-cropped wp-block-gallery-2 is-layout-flex wp-block-gallery-is-layout-flex">
<figure class="wp-block-image size-large"><img decoding="async" data-id="46" src="https://demo.themeinwp.net/kiddies/wp-content/uploads/sites/16/2023/04/siniz-kim-LZ3O2Q4Me0Q-unsplash-min-1024x692.jpg" alt="" class="wp-image-46"/></figure>



<figure class="wp-block-image size-large"><img decoding="async" data-id="11" src="https://demo.themeinwp.net/kiddies/wp-content/uploads/sites/16/2023/04/erika-giraud-4EFeD-VTgu4-unsplash-min-1024x683.jpg" alt="" class="wp-image-11"/></figure>



<figure class="wp-block-image size-large"><img decoding="async" data-id="37" src="https://demo.themeinwp.net/kiddies/wp-content/uploads/sites/16/2023/04/performing-arts-choreography-entertainment-dance-dancer-performance-1611658-pxhere.com_-1024x683.jpg" alt="" class="wp-image-37"/></figure>



<figure class="wp-block-image size-large"><img decoding="async" data-id="9" src="https://demo.themeinwp.net/kiddies/wp-content/uploads/sites/16/2023/04/kenny-eliason-zFSo6bnZJTw-unsplash-min-1024x637.jpg" alt="" class="wp-image-9"/></figure>



<figure class="wp-block-image size-large"><img decoding="async" data-id="12" src="https://demo.themeinwp.net/kiddies/wp-content/uploads/sites/16/2023/04/robo-wunderkind-3EuPcI31MQU-unsplash-min-1024x683.jpg" alt="" class="wp-image-12"/></figure>



<figure class="wp-block-image size-large"><img decoding="async" data-id="47" src="https://demo.themeinwp.net/kiddies/wp-content/uploads/sites/16/2023/04/laith-abuabdu-CgfRXcX-oko-unsplash-min-1024x640.jpg" alt="" class="wp-image-47"/></figure>



<figure class="wp-block-image size-large"><img decoding="async" data-id="45" src="https://demo.themeinwp.net/kiddies/wp-content/uploads/sites/16/2023/04/person-violinist-violist-photography-bowed-string-instrument-violin-1366650-pxhere.com-min-1024x596.jpg" alt="" class="wp-image-45"/></figure>
</figure>



<p>Fermentum cras pellentesque. Massa risus aliquet. Interdum ligula laoreet vehicula. Malesuada vestibulum tempor felis vulputate nascetur vulputate metus lectus vulputate sit adipiscing pede donec in sagittis vulputate ac turpis parturient suspendisse vivamus&nbsp;<strong>luctus</strong>&nbsp;mauris urna. Primis aenean vivamus. Cubilia blandit id arcu massa&nbsp;<em>montes</em>&nbsp;<em>iaculis</em>&nbsp;taciti integer convallis vulputate mauris. Facilisi feugiat&nbsp;<em>magnis</em>&nbsp;lacinia facilisis curae; sagittis, at etiam elit metus enim faucibus fusce elit donec etiam dolor Ornare posuere dictum primis. Malesuada libero duis rhoncus. Adipiscing suscipit rhoncus euismod phasellus. Lorem lobortis malesuada suspendisse non Laoreet ut felis torquent semper netus donec.&nbsp;<em>Vivamus</em>&nbsp;platea ad primis placerat est iaculis quam ridiculus. Nam iaculis dignissim nunc. Mi, lobortis habitasse curae;.</p>



<h3 class="wp-block-heading">Phasellus Ultrices Habitasse Nisi Duis Rutrum</h3>



<p><strong>Cursus</strong>&nbsp;velit morbi diam facilisi faucibus amet consequat dapibus pretium hendrerit. Pharetra mi.&nbsp;<em>Lorem</em>&nbsp;dictumst fringilla&nbsp;<em>habitant</em>&nbsp;sapien metus libero scelerisque. Etiam ipsum massa massa sed primis arcu condimentum dis fames gravida pretium class dictumst sapien dolor&nbsp;<em>mauris</em>&nbsp;a id. Tellus fringilla varius odio sapien fusce. Metus tristique dis elit vehicula ligula imperdiet lacinia. Ac nulla iaculis&nbsp;<em>tincidunt</em>&nbsp;varius sit aptent eleifend commodo&nbsp;<em>tellus</em>&nbsp;nibh&nbsp;<strong>morbi</strong>&nbsp;inceptos curabitur curae; etiam. Taciti non cubilia donec lobortis. Dignissim. Torquent dapibus eleifend sapien conubia iaculis ante, sodales ullamcorper elit sem convallis viverra quis odio proin senectus platea sed proin nonummy donec hendrerit laoreet potenti. Dictum ultricies rhoncus aliquam elit dictumst neque fames. Sapien sodales netus. Fames nibh pede vehicula odio porta cubilia, dictumst potenti nam. Consequat, ultricies mauris&nbsp;<em>sollicitudin</em>&nbsp;vel aliquam inceptos facilisi. Netus volutpat auctor suscipit. Nisl semper litora suscipit. Cubilia a leo primis ut. Parturient mollis mauris congue vulputate&nbsp;<strong>tempus</strong>&nbsp;elementum auctor dolor nullam amet sed hac eros at nam tortor erat fames. Fames&nbsp;<strong>iaculis</strong>&nbsp;risus nunc sapien, bibendum natoque elementum laoreet molestie convallis. Cras inceptos consequat litora. Nullam fermentum potenti libero&nbsp;<strong>blandit</strong>&nbsp;sagittis leo. Mattis felis praesent habitant ut justo nullam, mauris facilisi duis ut.</p>



<figure class="wp-block-embed is-type-video is-provider-youtube wp-block-embed-youtube wp-embed-aspect-16-9 wp-has-aspect-ratio"><div class="wp-block-embed__wrapper">
<div class="ast-oembed-container " style="height: 100%;"><iframe title="KIDZ BOP Kids - Dance Monkey (Official Music Video)" width="1200" height="675" src="https://www.youtube.com/embed/FiXCxfWWwPo?feature=oembed" frameborder="0" allow="accelerometer; autoplay; clipboard-write; encrypted-media; gyroscope; picture-in-picture; web-share" allowfullscreen></iframe></div>
</div></figure>



<p>Sit blandit eleifend lobortis lobortis ridiculus. Pharetra Libero tincidunt mattis, conubia lacinia ridiculus arcu inceptos justo nam tempus in vestibulum vulputate diam Viverra, curabitur habitasse, metus vulputate dignissim ante proin sagittis. Turpis ante dictum natoque felis ante etiam. Lectus lacus sollicitudin pellentesque habitant pulvinar fermentum ut mi risus purus dictum lorem. Fames. Pellentesque mi. Donec nisl vel. Sapien congue lacinia nullam lacus. Pretium hac consequat congue sollicitudin mattis Felis maecenas mollis tristique per. Feugiat curabitur morbi, nisi. Pede, parturient ante tincidunt odio metus pede hymenaeos nam per auctor mattis ut venenatis, inceptos&nbsp;<em>eget</em>&nbsp;et enim. Consequat et&nbsp;<strong>lacus</strong>&nbsp;ut. Diam sem, nostra nulla magnis sem purus. Facilisis consectetuer natoque taciti praesent&nbsp;<strong>duis</strong>&nbsp;metus potenti ligula vivamus purus dis etiam condimentum penatibus hymenaeos magnis. Posuere urna tortor penatibus orci hac consequat nascetur feugiat sit.</p>
]]></content:encoded>
					
					<wfw:commentRss>/40/feed/</wfw:commentRss>
			<slash:comments>0</slash:comments>
		
		
			</item>
	</channel>
</rss>
