<?xml version="1.0" encoding="UTF-8"?><rss version="2.0"
	xmlns:content="http://purl.org/rss/1.0/modules/content/"
	xmlns:dc="http://purl.org/dc/elements/1.1/"
	xmlns:atom="http://www.w3.org/2005/Atom"
	xmlns:sy="http://purl.org/rss/1.0/modules/syndication/"
	
	>
<channel>
	<title>
	Comments on: The Best Video Games for Kids in 2023	</title>
	<atom:link href="http://localhost/testsite/the-best-video-games-for-kids-in-2023/feed/?simply_static_page=961" rel="self" type="application/rss+xml" />
	<link>/the-best-video-games-for-kids-in-2023/</link>
	<description>ძიძები სუროგატი ახალშობილებისთვის</description>
	<lastBuildDate>Wed, 12 Apr 2023 07:46:40 +0000</lastBuildDate>
	<sy:updatePeriod>
	hourly	</sy:updatePeriod>
	<sy:updateFrequency>
	1	</sy:updateFrequency>
	<generator>https://wordpress.org/?v=6.4.3</generator>
</channel>
</rss>
