<?xml version="1.0" encoding="UTF-8"?><rss version="2.0"
	xmlns:content="http://purl.org/rss/1.0/modules/content/"
	xmlns:dc="http://purl.org/dc/elements/1.1/"
	xmlns:atom="http://www.w3.org/2005/Atom"
	xmlns:sy="http://purl.org/rss/1.0/modules/syndication/"
	
	>
<channel>
	<title>
	Comments on: 20 Enchanting Fantasy Chapter Books for Kids	</title>
	<atom:link href="http://localhost/testsite/20-enchanting-fantasy-chapter-books-for-kids/feed/?simply_static_page=973" rel="self" type="application/rss+xml" />
	<link>/20-enchanting-fantasy-chapter-books-for-kids/</link>
	<description>ძიძები სუროგატი ახალშობილებისთვის</description>
	<lastBuildDate>Wed, 12 Apr 2023 06:07:04 +0000</lastBuildDate>
	<sy:updatePeriod>
	hourly	</sy:updatePeriod>
	<sy:updateFrequency>
	1	</sy:updateFrequency>
	<generator>https://wordpress.org/?v=6.4.3</generator>
</channel>
</rss>
