<?xml version="1.0" encoding="UTF-8"?><rss version="2.0"
	xmlns:content="http://purl.org/rss/1.0/modules/content/"
	xmlns:dc="http://purl.org/dc/elements/1.1/"
	xmlns:atom="http://www.w3.org/2005/Atom"
	xmlns:sy="http://purl.org/rss/1.0/modules/syndication/"
	
	>
<channel>
	<title>
	Comments on: The Absolute Best Kids’ Music Class in New York	</title>
	<atom:link href="http://localhost/testsite/the-absolute-best-kids-music-class-in-new-york/feed/?simply_static_page=963" rel="self" type="application/rss+xml" />
	<link>/the-absolute-best-kids-music-class-in-new-york/</link>
	<description>ძიძები სუროგატი ახალშობილებისთვის</description>
	<lastBuildDate>Wed, 12 Apr 2023 07:21:34 +0000</lastBuildDate>
	<sy:updatePeriod>
	hourly	</sy:updatePeriod>
	<sy:updateFrequency>
	1	</sy:updateFrequency>
	<generator>https://wordpress.org/?v=6.4.3</generator>
</channel>
</rss>
